datetime,index_return_sh,index_return_sz,index_return_cyb,index_return_bse,limit_up_1st,limit_up_2nd,limit_up_3rd,limit_up_4th,limit_up_5th,limit_up_6th,limit_down,limit_up_20cm_1st,limit_up_20cm,limit_up_30cm_1st,limit_up_30cm
2021-11-18,-0.05935864627377457,0.13669732235736556,-0.9595695583536035,0.5022787034706477,0.14285714285714285,0.0,0.0013986013986013986,0.0234375,0.007194244604316547,0.0,0.0,0.4460814538374168,0.43106934638754285,0.38343013875443693,0.0
2021-11-19,0.5409370031338216,-0.35903186116889224,-0.5838571236027799,-0.8552313059094814,0.14285714285714285,0.1111111111111111,0.00034965034965034965,0.03125,0.007194244604316547,0.0,0.0,0.5497582346259938,0.5337088878502375,0.45501573088092934,0.0
2021-11-22,0.9646751085980071,0.13669732235736556,-0.5838571236027799,-0.8552313059094814,0.0,0.2222222222222222,0.0,0.03125,0.014388489208633094,0.0,0.0,0.5162096381632322,0.5446458881700328,0.5054990857265784,0.0
2021-11-23,-0.024047137485092435,0.012765026475801109,-0.20814468885195622,-0.8552313059094814,0.0,0.2222222222222222,0.00034965034965034965,0.03515625,0.007194244604316547,0.0,0.0,0.48933960733409054,0.4569629283412463,0.40777266860277506,0.0
2021-11-24,0.47031398555645737,-0.35903186116889224,-0.9595695583536035,-0.1764763012194168,0.0,0.2222222222222222,0.001048951048951049,0.05859375,0.02158273381294964,0.0,0.0,0.48317377900373193,0.4694300263216158,0.40661974292782616,0.0
2021-11-25,0.1525104064583182,-0.11116726940576335,0.1675677458988674,-0.8552313059094814,0.0,0.2222222222222222,0.0024475524475524478,0.01953125,0.007194244604316547,0.0,0.0,0.4612364108388771,0.45551154953137685,0.4161254974723029,0.0
2021-11-26,0.01126437130358969,0.012765026475801109,-0.5838571236027799,0.5022787034706477,0.0,0.0,0.0006993006993006993,0.015625,0.0,0.0,0.0,0.4402596138244361,0.4583700277975942,0.4147910616327848,0.0
2021-11-29,0.6821830382885501,-0.35903186116889224,0.1675677458988674,-0.8552313059094814,0.2857142857142857,0.0,0.0006993006993006993,0.02734375,0.0,0.0,0.0,0.4741002758396884,0.48621682123441,0.45366784984403574,0.0
2021-11-30,0.4350024767677752,0.26062961823893,-0.5838571236027799,0.5022787034706477,0.0,0.1111111111111111,0.0006993006993006993,0.01171875,0.007194244604316547,0.0,0.0,0.4788057764075937,0.47041401195542554,0.412696972141551,0.0
2021-12-01,0.929363599809325,-0.11116726940576335,0.543280180649691,-0.1764763012194168,0.0,0.1111111111111111,0.0013986013986013986,0.03125,0.0,0.0,0.0,0.5003082914165179,0.4747238690315122,0.3988248897493815,0.0
2021-12-02,-0.30653920779454946,0.38456191412049445,-0.20814468885195622,0.5022787034706477,0.14285714285714285,0.0,0.0017482517482517483,0.01953125,0.0,0.0,0.0,0.4711017361674509,0.4656810410568007,0.41395073679681615,0.0
2021-12-03,0.18782191524700032,0.012765026475801109,-0.20814468885195622,-0.8552313059094814,0.2857142857142857,0.0,0.002097902097902098,0.0078125,0.0,0.0,0.0,0.5376537400616582,0.5173698064008266,0.43159083575346885,0.0
2021-12-06,-0.20060468142850307,-0.4829641570504567,-0.5838571236027799,0.5022787034706477,0.0,0.1111111111111111,0.002797202797202797,0.0078125,0.0,0.0,0.0,0.44402401427876037,0.429268652677671,0.34991798429600945,0.0
2021-12-07,-0.12998166385113882,0.012765026475801109,-0.9595695583536035,-0.1764763012194168,0.2857142857142857,0.0,0.0038461538461538464,0.015625,0.0,0.0,0.0,0.4870939477527178,0.45661361344124385,0.383534339034097,0.0
2021-12-08,0.9999866173866893,-0.35903186116889224,0.9189926154005146,-0.8552313059094814,0.0,0.2222222222222222,0.00034965034965034965,0.015625,0.0,0.0,0.0,0.5533279247119909,0.5646995153870754,0.4759902387867054,0.0
2021-12-09,0.364379459190411,0.13669732235736556,-0.9595695583536035,1.859788712850777,0.0,0.2222222222222222,0.0006993006993006993,0.0078125,0.0,0.023809523809523808,0.0,0.5399318513710855,0.5355194214164474,0.454168683446273,0.0
2021-12-10,0.4350024767677752,-0.11116726940576335,-0.20814468885195622,-0.8552313059094814,0.5714285714285714,0.1111111111111111,0.00034965034965034965,0.015625,0.007194244604316547,0.0,0.0,0.46481259127048513,0.46342771395537635,0.42746316015919117,0.0
2021-12-13,0.47031398555645737,0.13669732235736556,0.543280180649691,-0.8552313059094814,0.0,0.4444444444444444,0.0,0.01953125,0.014388489208633094,0.023809523809523808,0.0,0.5027226999837742,0.5080809820176626,0.44944269656878566,0.0
2021-12-14,0.4350024767677752,0.7563588017651879,1.2947050501513382,1.1810337081607123,0.0,0.4444444444444444,0.00034965034965034965,0.03515625,0.007194244604316547,0.0,0.0,0.44215479474282005,0.4507342992792306,0.4183674841346671,0.0
2021-12-15,0.364379459190411,0.012765026475801109,2.0461299196529854,0.5022787034706477,0.14285714285714285,0.2222222222222222,0.00034965034965034965,0.0234375,0.014388489208633094,0.0,0.0,0.45200713938017195,0.43928070650168516,0.391053565666344,0.0
2021-12-16,0.2937564416130467,0.7563588017651879,0.543280180649691,3.0,0.14285714285714285,0.3333333333333333,0.00034965034965034965,0.03515625,0.02158273381294964,0.0,0.0,0.5253675158202173,0.5035743278148139,0.4451200656125632,0.0
2021-12-17,0.3290679504017288,0.26062961823893,0.9189926154005146,1.1810337081607123,0.5714285714285714,0.4444444444444444,0.0006993006993006993,0.01953125,0.007194244604316547,0.0,0.0,0.4013110498134025,0.3953801874492633,0.36616314402495426,0.0
2021-12-20,0.364379459190411,1.2520879852914457,0.9189926154005146,2.5385437175408416,0.2857142857142857,0.5566666666666656,0.004195804195804196,0.01171875,0.0,0.0,0.0,0.40737952295959756,0.37648274335194715,0.3206276218134882,0.0
2021-12-21,1.0352981261753713,1.4999525770545745,3.0,1.1810337081607123,0.5714285714285714,0.5566666666666656,0.003146853146853147,0.01953125,0.007194244604316547,0.0,0.0,0.5335713126723998,0.5156773511106739,0.4381722598687749,0.0
2021-12-22,0.2584449328243646,0.13669732235736556,0.543280180649691,3.0,0.14285714285714285,0.4444444444444444,0.002797202797202797,0.015625,0.007194244604316547,0.0,0.0,0.4721466818108064,0.5095028412585176,0.4385251962998816,0.0
2021-12-23,0.6468715294998679,-0.2350995652873278,0.1675677458988674,-0.1764763012194168,0.2857142857142857,0.0,0.007692307692307693,0.00390625,0.007194244604316547,0.0,0.0,0.5137627778679215,0.4993677892302773,0.42519092180273205,0.0
2021-12-24,0.01126437130358969,-0.4829641570504567,-0.5838571236027799,-0.1764763012194168,0.0,0.1111111111111111,0.008741258741258742,0.01171875,0.0,0.0,0.0,0.4315950024338796,0.4243782440776365,0.3438810906744111,0.0
2021-12-27,0.364379459190411,0.012765026475801109,-0.20814468885195622,-0.8552313059094814,0.0,0.0,0.0048951048951048955,0.0234375,0.007194244604316547,0.0,0.0,0.47290605224728216,0.4769968758456127,0.4168380929332043,0.0
2021-12-28,0.22313342403568245,0.012765026475801109,0.1675677458988674,-0.8552313059094814,0.0,0.0,0.0038461538461538464,0.015625,0.007194244604316547,0.0,0.0,0.5020152523121856,0.5160857051487049,0.45565437775626544,0.0
2021-12-29,0.08188738888095394,0.13669732235736556,1.2947050501513382,1.1810337081607123,0.0,0.1111111111111111,0.0024475524475524478,0.01953125,0.007194244604316547,0.023809523809523808,0.0,0.41743955865649846,0.4141939927677057,0.37307397547596,0.0
2021-12-30,0.3996909679790931,0.7563588017651879,1.2947050501513382,1.859788712850777,0.42857142857142855,0.0,0.001048951048951049,0.02734375,0.007194244604316547,0.047619047619047616,0.05,0.5166769430472172,0.5230326437234017,0.4620845434010971,0.0
2021-12-31,-0.2359161902171852,0.26062961823893,0.9189926154005146,0.5022787034706477,0.2857142857142857,0.1111111111111111,0.0038461538461538464,0.015625,0.007194244604316547,0.0,0.0,0.5135550868083725,0.4955400851147574,0.42007166290201137,0.0
2022-01-04,0.8940520910206429,0.8802910976467523,0.9189926154005146,1.1810337081607123,0.0,0.1111111111111111,0.006643356643356644,0.01953125,0.0,0.0,0.0,0.46335875385364267,0.45335662099333357,0.34683903409702055,0.0
2022-01-05,-0.5890312781040065,0.8802910976467523,-0.20814468885195622,-0.8552313059094814,0.2857142857142857,0.1111111111111111,0.011538461538461539,0.01171875,0.007194244604316547,0.023809523809523808,0.0,0.41025474606522794,0.38689331135765426,0.32851323007421745,0.0
2022-01-06,0.8234290734432786,0.012765026475801109,0.543280180649691,-0.1764763012194168,0.0,0.2222222222222222,0.001048951048951049,0.02734375,0.0,0.0,0.0,0.4602174265779652,0.44262133772846923,0.38401836613961493,0.0
2022-01-07,-0.5537197693153243,-0.11116726940576335,-0.20814468885195622,1.1810337081607123,0.14285714285714285,0.1111111111111111,0.006993006993006993,0.015625,0.007194244604316547,0.0,0.0,0.46480610092487423,0.44594720917074615,0.3873090781972679,0.0
2022-01-10,0.22313342403568245,0.26062961823893,0.543280180649691,-0.8552313059094814,0.2857142857142857,0.1111111111111111,0.0034965034965034965,0.02734375,0.007194244604316547,0.0,0.0,0.5019763102385202,0.49693734471476725,0.4189019307303431,0.0
2022-01-11,-0.12998166385113882,-0.4829641570504567,0.1675677458988674,0.5022787034706477,0.0,0.2222222222222222,0.002097902097902098,0.015625,0.007194244604316547,0.0,0.0,0.4295375628752231,0.41251629726206007,0.3772688770571152,0.0
2022-01-12,1.0706096349640535,0.38456191412049445,-0.9595695583536035,1.1810337081607123,0.2857142857142857,0.2222222222222222,0.0,0.0234375,0.007194244604316547,0.023809523809523808,0.0,0.53120233652442,0.543656982608054,0.5087696299881682,0.0
2022-01-13,-0.44778524294927796,1.4999525770545745,0.1675677458988674,-0.8552313059094814,0.14285714285714285,0.2222222222222222,0.0024475524475524478,0.0078125,0.014388489208633094,0.0,0.0,0.4005516793769268,0.3787213106688643,0.36281865117779927,0.0
2022-01-14,0.08188738888095394,-0.11116726940576335,2.0461299196529854,0.5022787034706477,0.0,0.1111111111111111,0.002097902097902098,0.0625,0.007194244604316547,0.0,0.0,0.414564335550868,0.47947651964281324,0.45973499515972893,0.0
2022-01-17,0.8940520910206429,0.38456191412049445,0.1675677458988674,3.0,0.2857142857142857,0.1111111111111111,0.001048951048951049,0.0703125,0.02158273381294964,0.023809523809523808,0.0,0.5142560441343501,0.5492755405771077,0.4751499139507368,0.0
2022-01-18,-0.5537197693153243,0.012765026475801109,-0.9595695583536035,0.5022787034706477,0.42857142857142855,0.1111111111111111,0.013286713286713287,0.015625,0.014388489208633094,0.0,0.0,0.5284049975661204,0.4847506826400335,0.39255270517371194,0.0
2022-01-19,-0.16529317263982093,-0.2350995652873278,0.543280180649691,-0.8552313059094814,0.2857142857142857,0.3333333333333333,0.0024475524475524478,0.01953125,0.007194244604316547,0.023809523809523808,0.0,0.45530423495051114,0.4122506211409314,0.347121383241906,0.0
2022-01-20,-0.5537197693153243,0.012765026475801109,-0.20814468885195622,1.1810337081607123,0.0,0.5555555555555556,0.004195804195804196,0.015625,0.0,0.023809523809523808,0.0,0.4709524582184001,0.47214090674276166,0.4092886146068624,0.0
2022-01-21,-0.20060468142850307,-0.35903186116889224,0.1675677458988674,-0.1764763012194168,0.0,0.2222222222222222,0.013636363636363636,0.01171875,0.0,0.0,0.0,0.41731624208989127,0.41674251555927294,0.38586371947940196,0.0
2022-01-24,-0.12998166385113882,0.13669732235736556,-0.5838571236027799,-0.1764763012194168,0.0,0.1111111111111111,0.010839160839160839,0.0078125,0.0,0.0,0.0,0.47946779165990583,0.49354259427812364,0.4442931859739701,0.0
2022-01-25,-0.8009003308360992,-0.6068964529320212,0.1675677458988674,-0.1764763012194168,0.14285714285714285,0.1111111111111111,0.016783216783216783,0.0078125,0.0,0.0,0.0,0.30895992211585266,0.33620329143194516,0.3305905130687319,0.0
2022-01-26,-0.09467015506245668,-0.35903186116889224,-0.9595695583536035,0.5022787034706477,0.0,0.0,0.008741258741258742,0.01171875,0.0,0.0,0.0,0.5193769268213532,0.5098816757275344,0.4534796170807787,0.0
2022-01-27,-1.012769383568192,-0.4829641570504567,-0.9595695583536035,-0.8552313059094814,0.0,0.0,0.021678321678321677,0.0078125,0.0,0.0,0.0,0.361278598085348,0.33903225012914817,0.31094707970313007,0.0
2022-01-28,0.18782191524700032,-0.7308287488135856,-0.5838571236027799,-0.8552313059094814,0.0,0.0,0.006643356643356644,0.01171875,0.007194244604316547,0.0,0.0,0.4139023202985559,0.4492288012595017,0.4227203667849844,0.0
2022-02-07,1.1059211437527356,0.012765026475801109,-0.9595695583536035,-0.1764763012194168,0.0,0.0,0.006993006993006993,0.01953125,0.007194244604316547,0.023809523809523808,0.0,0.6082037968521823,0.5226882487515683,0.43050177476605356,0.0
2022-02-08,0.18782191524700032,0.8802910976467523,0.543280180649691,-0.8552313059094814,0.14285714285714285,0.0,0.0017482517482517483,0.01171875,0.007194244604316547,0.0,0.0,0.5202531234788252,0.42724164227202294,0.3379652038291922,0.0
2022-02-09,0.929363599809325,0.26062961823893,2.0461299196529854,1.1810337081607123,0.0,0.1111111111111111,0.0,0.015625,0.007194244604316547,0.0,0.0,0.5279896154470225,0.5512435118447271,0.4640240131225126,0.0
2022-02-10,-0.2359161902171852,0.13669732235736556,0.1675677458988674,1.859788712850777,0.2857142857142857,0.1111111111111111,0.0006993006993006993,0.0078125,0.0,0.0,0.0,0.48775596300503005,0.43913802858478274,0.3536591104657416,0.0
2022-02-11,-0.27122769900586735,-0.35903186116889224,-0.20814468885195622,-0.1764763012194168,0.42857142857142855,0.2222222222222222,0.0034965034965034965,0.0078125,0.0,0.0,0.0,0.43389258478013953,0.3991488524267546,0.3248998332795525,0.0
2022-02-14,0.7528060558659143,0.13669732235736556,0.1675677458988674,-0.8552313059094814,0.0,0.2222222222222222,0.0024475524475524478,0.0234375,0.0,0.023809523809523808,0.0,0.41279247119909135,0.4375833312833633,0.40260635151124013,0.0
2022-02-15,-0.05935864627377457,0.38456191412049445,-0.9595695583536035,-0.8552313059094814,0.0,0.0,0.0048951048951048955,0.0078125,0.007194244604316547,0.0,0.0,0.509206555249067,0.5586037243856241,0.5240769872001722,0.0
2022-02-16,0.01126437130358969,-0.11116726940576335,0.9189926154005146,-0.8552313059094814,0.0,0.0,0.0,0.03125,0.014388489208633094,0.0,0.0,0.5138211909784196,0.48655137634990536,0.42252877272238354,0.0
2022-02-17,-0.30653920779454946,-0.2350995652873278,-0.9595695583536035,1.1810337081607123,0.0,0.0,0.0038461538461538464,0.01953125,0.007194244604316547,0.0,0.0,0.4807658607820866,0.49233721187670665,0.44575198988921155,0.0
2022-02-18,-0.20060468142850307,-0.2350995652873278,0.1675677458988674,-0.8552313059094814,0.42857142857142855,0.0,0.00034965034965034965,0.0234375,0.0,0.0,0.0,0.5191627454161933,0.4887013849597796,0.4047945573841024,0.0
2022-02-21,0.3996909679790931,1.1281556894098812,0.543280180649691,1.1810337081607123,0.0,0.3333333333333333,0.0,0.04296875,0.02158273381294964,0.0,0.0,0.4763654064578939,0.4794174805047847,0.3937795794342261,0.0
2022-02-22,-0.6596542956813707,0.26062961823893,3.0,0.5022787034706477,0.2857142857142857,0.1111111111111111,0.001048951048951049,0.0,0.02158273381294964,0.0,0.0,0.41440856725620634,0.4116553098324765,0.3738302678283317,0.0
2022-02-23,0.6115600207111859,-0.4829641570504567,0.9189926154005146,3.0,0.2857142857142857,0.1111111111111111,0.0013986013986013986,0.02734375,0.014388489208633094,0.0,0.0,0.5367126399480772,0.568787975695555,0.51493089168549,0.0
2022-02-24,-0.730277313258735,-0.35903186116889224,-0.5838571236027799,0.5022787034706477,0.5714285714285714,0.3333333333333333,0.01048951048951049,0.015625,0.0,0.0,0.0,0.3665357780301801,0.36711028018990927,0.3493196730127998,0.0
2022-02-25,-0.05935864627377457,-0.11116726940576335,-0.20814468885195622,-0.8552313059094814,0.2857142857142857,0.4444444444444444,0.002097902097902098,0.01953125,0.0,0.0,0.0,0.517228622424144,0.534869990898133,0.507011670431322,0.0
2022-02-28,-0.44778524294927796,-0.35903186116889224,0.1675677458988674,-0.8552313059094814,0.0,0.3333333333333333,0.004195804195804196,0.01953125,0.0,0.0,0.0,0.49713451241278594,0.4909251924921897,0.4502124341185329,0.0
2022-03-01,-0.09467015506245668,-0.4829641570504567,-0.5838571236027799,0.5022787034706477,0.0,0.1111111111111111,0.0017482517482517483,0.01171875,0.014388489208633094,0.0,0.0,0.5263670290442966,0.4872500061499103,0.4254228514574594,0.0
2022-03-02,-0.09467015506245668,0.26062961823893,-0.5838571236027799,-0.1764763012194168,0.2857142857142857,0.1111111111111111,0.0,0.015625,0.0,0.0,0.0,0.4679993509654389,0.42354185628889823,0.3606170001075616,0.0
2022-03-03,-0.024047137485092435,1.0042233935283167,0.543280180649691,-0.8552313059094814,0.14285714285714285,0.3333333333333333,0.00034965034965034965,0.01171875,0.014388489208633094,0.0,0.0,0.47090053545351285,0.4217214828663502,0.36957822415833064,0.0
2022-03-04,-0.4830967517379601,-0.4829641570504567,1.2947050501513382,-0.1764763012194168,0.0,0.3333333333333333,0.0048951048951048955,0.015625,0.0,0.0,0.0,0.4142463086159338,0.4076357285183637,0.3680521942562117,0.0
2022-03-07,-0.3418507165832316,-0.2350995652873278,-0.5838571236027799,1.1810337081607123,0.14285714285714285,0.1111111111111111,0.0034965034965034965,0.015625,0.014388489208633094,0.0,0.0,0.33583644329060525,0.306304887948636,0.27556604280950847,0.0
2022-03-08,-0.8362118396247814,-0.11116726940576335,-0.9595695583536035,-0.8552313059094814,0.0,0.1111111111111111,0.017482517482517484,0.00390625,0.0,0.0,0.0,0.32399156255070577,0.3465105409461023,0.35964222329783796,0.0
2022-03-09,-0.41247373416059585,0.012765026475801109,0.1675677458988674,-0.8552313059094814,0.0,0.0,0.003146853146853147,0.0078125,0.007194244604316547,0.0,0.0,0.4034463735193899,0.42004378736070463,0.399026567710014,0.0
2022-03-10,0.7174945470772323,0.13669732235736556,0.543280180649691,0.5022787034706477,0.0,0.0,0.0013986013986013986,0.01953125,0.0,0.0,0.0,0.5557747850073016,0.5824112567956509,0.5098687748736151,0.0
2022-03-11,0.3290679504017288,-0.35903186116889224,-0.5838571236027799,-0.1764763012194168,0.14285714285714285,0.0,0.002097902097902098,0.02734375,0.014388489208633094,0.0,0.0,0.5035275028395262,0.5056111780768001,0.45880391524147573,0.0
2022-03-14,-0.5537197693153243,0.508494210002059,-0.5838571236027799,-0.1764763012194168,0.0,0.0,0.005944055944055944,0.0078125,0.0,0.0,0.0,0.30757747850073014,0.32354431625298274,0.30037579326664515,0.0
2022-03-15,-0.8362118396247814,-0.6068964529320212,0.543280180649691,-0.8552313059094814,0.14285714285714285,0.0,0.02972027972027972,0.0078125,0.007194244604316547,0.0,0.0,0.1553594028882038,0.2605397161201447,0.3343282779391201,0.0
2022-03-16,2.129954898624517,-0.2350995652873278,-0.9595695583536035,1.859788712850777,0.0,0.1111111111111111,0.001048951048951049,0.0234375,0.007194244604316547,0.0,0.0,0.6432970955703391,0.660664583897075,0.5801575104872536,0.0
2022-03-17,0.9646751085980071,0.508494210002059,0.543280180649691,-0.8552313059094814,0.5714285714285714,0.0,0.0,0.02734375,0.007194244604316547,0.023809523809523808,0.0,0.5673860133052085,0.5937074118717868,0.5166854899429923,0.0
2022-03-18,1.0352981261753713,0.012765026475801109,1.2947050501513382,1.1810337081607123,0.0,0.2222222222222222,0.00034965034965034965,0.03515625,0.007194244604316547,0.0,0.0,0.5493688138893396,0.4907037957245825,0.42400102183500055,0.0
2022-03-21,1.0706096349640535,1.8717494646992678,0.9189926154005146,1.859788712850777,0.2857142857142857,0.1111111111111111,0.00034965034965034965,0.015625,0.014388489208633094,0.0,0.0,0.48185623884471845,0.4955696046837717,0.4355370011831774,0.0
2022-03-22,0.08188738888095394,0.6324265058836234,1.6704174849021616,0.5022787034706477,0.42857142857142855,0.2222222222222222,0.0024475524475524478,0.015625,0.0,0.0,0.0,0.4889566769430472,0.45103441489754253,0.3734101054103474,0.0
2022-03-23,0.18782191524700032,0.012765026475801109,-0.20814468885195622,1.859788712850777,0.0,0.4444444444444444,0.002097902097902098,0.01171875,0.0,0.0,0.0,0.4988804153821191,0.5111116577697966,0.4548543885124234,0.0
2022-03-24,0.1525104064583182,-0.35903186116889224,0.543280180649691,-0.1764763012194168,0.14285714285714285,0.4444444444444444,0.0017482517482517483,0.0078125,0.0,0.0,0.0,0.43543079668992374,0.434326338835453,0.40814241153060127,0.0
2022-03-25,0.364379459190411,0.26062961823893,-0.20814468885195622,-0.1764763012194168,0.14285714285714285,0.4444444444444444,0.002097902097902098,0.015625,0.0,0.0,0.0,0.4007074476715885,0.38215542053086027,0.33540053242981605,0.0
2022-03-28,-0.024047137485092435,0.13669732235736556,0.1675677458988674,-0.1764763012194168,0.0,0.2222222222222222,0.005594405594405594,0.01171875,0.0,0.0,0.0,0.48120720428362806,0.4251801923691915,0.36436484887598153,0.0
2022-03-29,-0.12998166385113882,0.012765026475801109,-0.5838571236027799,1.1810337081607123,0.14285714285714285,0.0,0.0048951048951048955,0.0078125,0.007194244604316547,0.0,0.0,0.455310725296122,0.45263339155248344,0.4183002581477896,0.0
2022-03-30,0.5762485119225037,-0.2350995652873278,0.543280180649691,-0.8552313059094814,0.14285714285714285,0.0,0.0,0.015625,0.007194244604316547,0.0,0.0,0.6035631997403862,0.6277287151607588,0.5552362321178875,0.0
2022-03-31,-0.41247373416059585,-0.2350995652873278,-0.20814468885195622,0.5022787034706477,0.0,0.1111111111111111,0.002097902097902098,0.02734375,0.0,0.0,0.0,0.4480415382119098,0.41683107426631577,0.37366556416048186,0.0
2022-04-01,0.364379459190411,-0.2350995652873278,0.543280180649691,-0.1764763012194168,0.14285714285714285,0.0,0.004545454545454545,0.01171875,0.007194244604316547,0.023809523809523808,0.0,0.5375304234950511,0.5197461317064771,0.4296446434333656,0.0
2022-04-06,0.364379459190411,0.508494210002059,0.1675677458988674,1.859788712850777,0.0,0.1111111111111111,0.004545454545454545,0.01171875,0.0,0.0,0.0,0.4780399156255071,0.4530860249440359,0.3785293643110681,0.0
2022-04-07,-0.8009003308360992,-0.35903186116889224,-0.5838571236027799,0.5022787034706477,0.2857142857142857,0.1111111111111111,0.00909090909090909,0.0078125,0.007194244604316547,0.0,0.0,0.3842674022391692,0.3940272072027749,0.34952471227277615,0.0
2022-04-08,0.22313342403568245,0.012765026475801109,0.1675677458988674,-0.1764763012194168,0.14285714285714285,0.2222222222222222,0.005244755244755245,0.0078125,0.0,0.0,0.0,0.5070257991238033,0.4699810582765492,0.40895584597181883,0.0
2022-04-11,-0.09467015506245668,0.26062961823893,-0.20814468885195622,-0.1764763012194168,0.0,0.1111111111111111,0.012587412587412588,0.01171875,0.0,0.0,0.0,0.30753853642706475,0.2945954589063,0.2791122136172959,0.0
2022-04-12,1.0352981261753713,0.7563588017651879,0.543280180649691,-0.1764763012194168,0.0,0.0,0.004195804195804196,0.01171875,0.007194244604316547,0.0,0.0,0.5713191627454162,0.5760793092420851,0.5043629665483489,0.0
2022-04-13,-0.16529317263982093,-0.11116726940576335,1.6704174849021616,0.5022787034706477,0.0,0.0,0.014685314685314685,0.0078125,0.007194244604316547,0.0,0.0,0.42310563037481747,0.396457651718285,0.34447267935893294,0.0
2022-04-14,0.3290679504017288,0.13669732235736556,0.1675677458988674,1.1810337081607123,0.2857142857142857,0.0,0.003146853146853147,0.01171875,0.0,0.0,0.0,0.5556904105143599,0.537502152468574,0.41944982252339463,0.0
2022-04-15,-0.41247373416059585,-0.2350995652873278,-0.20814468885195622,-0.8552313059094814,0.2857142857142857,0.0,0.011538461538461539,0.0078125,0.0,0.0,0.0,0.44767158851208827,0.44748222675948934,0.41211210605571685,0.0
2022-04-18,0.7174945470772323,0.26062961823893,-0.20814468885195622,-0.8552313059094814,0.0,0.1111111111111111,0.011188811188811189,0.015625,0.0,0.0,0.0,0.4448612688625669,0.4933408772231926,0.4576442669678391,0.0
2022-04-19,-0.09467015506245668,0.13669732235736556,0.543280180649691,0.5022787034706477,0.0,0.0,0.005244755244755245,0.01953125,0.0,0.0,0.0,0.47360051922764884,0.4507490590637377,0.3739479133053673,0.0
2022-04-20,-0.20060468142850307,0.13669732235736556,0.1675677458988674,0.5022787034706477,0.14285714285714285,0.0,0.002797202797202797,0.01171875,0.007194244604316547,0.0,0.0,0.38930391043323054,0.3732552704730512,0.2970447456168656,0.0
2022-04-21,-0.6596542956813707,0.012765026475801109,-0.5838571236027799,-0.1764763012194168,0.14285714285714285,0.0,0.024475524475524476,0.00390625,0.0,0.0,0.0,0.32989777705662826,0.3422302034390298,0.34739028718941595,0.0
2022-04-22,0.5409370031338216,0.13669732235736556,-0.20814468885195622,-0.8552313059094814,0.14285714285714285,0.0,0.023776223776223775,0.0234375,0.007194244604316547,0.0,0.0,0.4916242089891287,0.4607561929595828,0.39714087877810045,0.0
2022-04-25,-0.8362118396247814,-0.11116726940576335,-0.5838571236027799,-0.1764763012194168,0.0,0.0,0.044080419580419555,0.0078125,0.0,0.0,0.0,0.14357942560441345,0.17587759218715412,0.2334523233301065,0.0
2022-04-26,-0.16529317263982093,-0.7308287488135856,0.1675677458988674,-0.8552313059094814,0.0,0.0,0.044080419580419555,0.01171875,0.0,0.0,0.0,0.3833652441992536,0.3933826966126295,0.3915409540712057,0.0
2022-04-27,2.624316021666067,0.26062961823893,-0.9595695583536035,0.5022787034706477,0.0,0.0,0.00909090909090909,0.05078125,0.0,0.0,0.0,0.6382151549570014,0.660664583897075,0.5801575104872536,0.0
2022-04-28,0.11719889766963607,0.508494210002059,0.9189926154005146,-0.8552313059094814,0.14285714285714285,0.0,0.011888111888111888,0.0078125,0.0,0.0,0.0,0.5143793607009574,0.46414602346805744,0.3586976981822093,0.0
2022-04-29,3.0,0.6324265058836234,0.1675677458988674,1.859788712850777,0.0,0.1111111111111111,0.0006993006993006993,0.04296875,0.007194244604316547,0.0,0.0,0.6327697549894531,0.6569088091313867,0.5582345111326235,0.0
2022-05-05,2.129954898624517,2.367478648225526,0.1675677458988674,-0.8552313059094814,0.42857142857142855,0.1111111111111111,0.0024475524475524478,0.02734375,0.014388489208633094,0.0,0.0,0.5207204283628103,0.48635949915131244,0.3756520920727116,0.0
2022-05-06,0.2937564416130467,0.6324265058836234,2.421842354403809,0.5022787034706477,0.0,0.3333333333333333,0.004195804195804196,0.01953125,0.007194244604316547,0.0,0.0,0.3365828330358592,0.3698851196772528,0.35639856943099923,0.0
2022-05-09,2.0593318810471533,0.13669732235736556,0.543280180649691,2.5385437175408416,0.14285714285714285,0.2222222222222222,0.0,0.03125,0.007194244604316547,0.0,0.0,0.48221969819892907,0.45507859585250066,0.39489889211573626,0.0
2022-05-10,0.8940520910206429,1.2520879852914457,0.9189926154005146,0.5022787034706477,0.5714285714285714,0.3333333333333333,0.00034965034965034965,0.03515625,0.014388489208633094,0.0,0.0,0.5451306182054194,0.5424516002066371,0.493018581262773,0.0
2022-05-11,0.4350024767677752,0.26062961823893,2.7975547891546326,0.5022787034706477,0.2857142857142857,0.3333333333333333,0.0013986013986013986,0.03125,0.02158273381294964,0.0,0.0,0.5255103034236572,0.5639172468081967,0.5232736366569861,0.0
2022-05-12,0.5409370031338216,-0.35903186116889224,0.543280180649691,1.859788712850777,0.0,0.1111111111111111,0.002097902097902098,0.01953125,0.0,0.0,0.0,0.46876521174752556,0.468751076234287,0.4275303861460686,0.0
2022-05-13,1.1059211437527356,1.1281556894098812,0.1675677458988674,1.1810337081607123,0.2857142857142857,0.1111111111111111,0.004195804195804196,0.01953125,0.007194244604316547,0.023809523809523808,0.0,0.5388674346908973,0.5040072814936903,0.43004463805528664,0.0
2022-05-16,0.7528060558659143,1.4999525770545745,0.9189926154005146,0.5022787034706477,0.14285714285714285,0.2222222222222222,0.003146853146853147,0.0078125,0.0,0.0,0.05,0.4544669803667045,0.4459422892425771,0.3818099924706895,0.0
2022-05-17,0.22313342403568245,-0.35903186116889224,0.9189926154005146,-0.1764763012194168,0.14285714285714285,0.1111111111111111,0.0073426573426573424,0.00390625,0.0,0.0,0.0,0.5187603439883174,0.535883496100957,0.4747835323222545,0.0
2022-05-18,1.1765441613301,0.7563588017651879,-0.9595695583536035,1.859788712850777,0.0,0.1111111111111111,0.0017482517482517483,0.0078125,0.0,0.0,0.0,0.46044458867434684,0.46554820299623634,0.4149288749058836,0.0
2022-05-19,0.046575880092271815,0.508494210002059,2.0461299196529854,-0.8552313059094814,0.42857142857142855,0.1111111111111111,0.0013986013986013986,0.0078125,0.0,0.0,0.0,0.49975012169398014,0.49365083269784266,0.43689160481875877,0.0
2022-05-20,0.7174945470772323,0.012765026475801109,-0.20814468885195622,1.1810337081607123,0.0,0.4444444444444444,0.001048951048951049,0.0078125,0.0,0.0,0.0,0.5805873762777867,0.5646404762490469,0.4770692158760891,0.0
2022-05-23,0.9646751085980071,0.6324265058836234,0.543280180649691,-0.1764763012194168,0.14285714285714285,0.3333333333333333,0.0034965034965034965,0.015625,0.0,0.0,0.0,0.47723511276975494,0.4723967430075522,0.41014910723889425,0.0
2022-05-24,-0.5184082605266422,0.38456191412049445,-0.20814468885195622,0.5022787034706477,0.14285714285714285,0.2222222222222222,0.00944055944055944,0.0,0.0,0.0,0.0,0.32003245172805445,0.31103785884726093,0.29182128643648486,0.0
2022-05-25,1.211855670118782,0.38456191412049445,1.6704174849021616,-0.8552313059094814,0.14285714285714285,0.3333333333333333,0.002097902097902098,0.0078125,0.0,0.0,0.0,0.553860133052085,0.5095717202528843,0.43110344734860706,0.0
2022-05-26,0.18782191524700032,0.6324265058836234,-0.20814468885195622,1.859788712850777,0.0,0.1111111111111111,0.0024475524475524478,0.0,0.0,0.0,0.0,0.5093104007788415,0.5033184915500234,0.4137456975368398,0.0
2022-05-27,0.6468715294998679,0.508494210002059,1.2947050501513382,0.5022787034706477,0.2857142857142857,0.1111111111111111,0.0024475524475524478,0.0078125,0.0,0.0,0.0,0.49145546000324514,0.46941034660893954,0.42214894589652574,0.0
2022-05-30,0.7881175646545965,0.8802910976467523,0.9189926154005146,1.1810337081607123,0.2857142857142857,0.2222222222222222,0.003146853146853147,0.015625,0.0,0.0,0.0,0.5156644491319162,0.5265110329389192,0.46057868129504137,0.0
2022-05-31,0.7528060558659143,0.508494210002059,0.543280180649691,-0.1764763012194168,0.14285714285714285,0.2222222222222222,0.004195804195804196,0.01953125,0.014388489208633094,0.0,0.0,0.553652441992536,0.5697621214730265,0.4984235506077229,0.0
2022-06-01,0.6115600207111859,-0.11116726940576335,0.1675677458988674,0.5022787034706477,0.14285714285714285,0.2222222222222222,0.0038461538461538464,0.0234375,0.007194244604316547,0.0,0.0,0.46794093785494073,0.4853164743794741,0.45355692696568783,0.0
2022-06-02,0.6821830382885501,0.508494210002059,0.543280180649691,-0.1764763012194168,0.14285714285714285,0.1111111111111111,0.002797202797202797,0.0234375,0.014388489208633094,0.0,0.0,0.5037676456271296,0.5080317827359722,0.46074338496289124,0.0
2022-06-06,0.5409370031338216,0.7563588017651879,0.1675677458988674,0.5022787034706477,0.14285714285714285,0.0,0.0034965034965034965,0.03125,0.007194244604316547,0.0,0.0,0.5597403861755639,0.6063024279845515,0.5520127460471119,0.0
2022-06-07,0.046575880092271815,0.38456191412049445,0.543280180649691,-0.8552313059094814,0.0,0.1111111111111111,0.004195804195804196,0.00390625,0.0,0.0,0.0,0.4874509167613175,0.4741679171484097,0.42015233408626435,0.0
2022-06-08,0.22313342403568245,-0.11116726940576335,-0.5838571236027799,0.5022787034706477,0.0,0.1111111111111111,0.002797202797202797,0.00390625,0.007194244604316547,0.0,0.0,0.520746389745254,0.51549039384025,0.4487603528019791,0.0
2022-06-09,-0.3771622253719137,0.13669732235736556,-0.20814468885195622,-0.8552313059094814,0.0,0.1111111111111111,0.0038461538461538464,0.0,0.0,0.0,0.0,0.42723998052896317,0.3841775110083393,0.3208696353662472,0.0
2022-06-10,1.2824786876961463,-0.4829641570504567,0.543280180649691,0.5022787034706477,0.0,0.1111111111111111,0.00034965034965034965,0.0234375,0.0,0.0,0.0,0.5685737465520039,0.5687682959828787,0.49584207271162745,0.0
2022-06-13,0.2584449328243646,0.508494210002059,-0.5838571236027799,-0.1764763012194168,0.14285714285714285,0.1111111111111111,0.00034965034965034965,0.0078125,0.0,0.0,0.0,0.4187765698523446,0.460569235689159,0.4070667957405615,0.0
2022-06-14,0.2584449328243646,0.012765026475801109,0.9189926154005146,-0.1764763012194168,0.0,0.1111111111111111,0.0013986013986013986,0.00390625,0.0,0.0,0.0,0.543138082102872,0.4852574352414456,0.42260608260729265,0.0
2022-06-15,-0.024047137485092435,0.26062961823893,-0.5838571236027799,0.5022787034706477,0.14285714285714285,0.0,0.0024475524475524478,0.01171875,0.0,0.0,0.0,0.509200064903456,0.5218567808909991,0.455506480585135,0.0
2022-06-16,0.22313342403568245,-0.11116726940576335,-0.5838571236027799,-0.1764763012194168,0.14285714285714285,0.0,0.001048951048951049,0.01953125,0.007194244604316547,0.0,0.0,0.43732597760830766,0.48057366362451115,0.43375215123158006,0.0
2022-06-17,0.364379459190411,-0.11116726940576335,-0.5838571236027799,-0.8552313059094814,0.14285714285714285,0.1111111111111111,0.0,0.01953125,0.0,0.0,0.0,0.5386727243225702,0.5481783965954098,0.5134653651715607,0.0
2022-06-20,0.8587405822319607,1.0042233935283167,-0.20814468885195622,-0.1764763012194168,0.0,0.2222222222222222,0.002797202797202797,0.01953125,0.02158273381294964,0.0,0.0,0.4739834496186922,0.5374578731150527,0.4871497526083683,0.0
2022-06-21,-0.16529317263982093,0.012765026475801109,0.1675677458988674,-0.8552313059094814,0.0,0.2222222222222222,0.003146853146853147,0.0078125,0.007194244604316547,0.0,0.0,0.4595813727080967,0.45029150574401616,0.39891900613100995,0.0
2022-06-22,0.2584449328243646,0.38456191412049445,0.9189926154005146,1.1810337081607123,0.0,0.2222222222222222,0.00034965034965034965,0.0078125,0.007194244604316547,0.0,0.0,0.39907188057764076,0.40500356694792256,0.40059965580294715,0.0
2022-06-23,1.247167178907464,0.6324265058836234,-0.5838571236027799,1.1810337081607123,0.2857142857142857,0.2222222222222222,0.0,0.02734375,0.0,0.0,0.0,0.5818205419438585,0.5829573688224152,0.5241711035818006,0.0
2022-06-24,0.9646751085980071,1.1281556894098812,0.543280180649691,-0.1764763012194168,0.14285714285714285,0.4444444444444444,0.00034965034965034965,0.01953125,0.0,0.0,0.0,0.534499432094759,0.5425647585545252,0.4985479186834463,0.0
2022-06-27,0.8587405822319607,0.6324265058836234,1.6704174849021616,1.1810337081607123,0.14285714285714285,0.3333333333333333,0.0006993006993006993,0.0234375,0.0,0.023809523809523808,0.0,0.5336751582021743,0.5293350717079531,0.42752366354738086,0.0
2022-06-28,1.3884132140621925,1.2520879852914457,2.7975547891546326,3.0,0.42857142857142855,0.3333333333333333,0.0,0.015625,0.007194244604316547,0.023809523809523808,0.0,0.534304721726432,0.5354948217756021,0.4318597397009788,0.0
2022-06-29,-0.3418507165832316,0.38456191412049445,0.1675677458988674,1.1810337081607123,0.2857142857142857,0.3333333333333333,0.014685314685314685,0.0078125,0.0,0.0,0.0,0.3858445562226188,0.36677080514624494,0.33521902226524686,0.0
2022-06-30,0.7528060558659143,-0.35903186116889224,0.1675677458988674,-0.8552313059094814,0.14285714285714285,0.2222222222222222,0.005594405594405594,0.015625,0.0,0.0,0.0,0.548265455135486,0.5526063319475537,0.4711768581262773,0.0
2022-07-01,0.3996909679790931,-0.4829641570504567,-0.5838571236027799,-0.1764763012194168,0.0,0.1111111111111111,0.00909090909090909,0.01171875,0.0,0.0,0.0,0.4556741846503326,0.46154338146663065,0.38592422286759165,0.0
2022-07-04,0.7528060558659143,0.6324265058836234,-0.9595695583536035,-0.8552313059094814,0.14285714285714285,0.0,0.002797202797202797,0.01953125,0.0,0.0,0.0,0.5107188057764076,0.5386829352291457,0.48392626653759274,0.0
2022-07-05,-0.3418507165832316,-0.11116726940576335,0.543280180649691,-0.8552313059094814,0.0,0.1111111111111111,0.0017482517482517483,0.0,0.0,0.0,0.0,0.47396397858185946,0.4551523947750364,0.4088617295901904,0.0
2022-07-06,-0.09467015506245668,-0.35903186116889224,0.543280180649691,1.1810337081607123,0.0,0.1111111111111111,0.002797202797202797,0.01953125,0.0,0.0,0.0,0.38383254908323866,0.41386927750854846,0.3935274819834355,0.0
2022-07-07,0.5762485119225037,0.26062961823893,-0.5838571236027799,1.859788712850777,0.2857142857142857,0.1111111111111111,0.0006993006993006993,0.01171875,0.0,0.0,0.0,0.49414246308615933,0.5230424835797398,0.4765515757771324,0.0
2022-07-08,0.11719889766963607,0.38456191412049445,1.2947050501513382,-0.8552313059094814,0.2857142857142857,0.2222222222222222,0.0034965034965034965,0.0078125,0.0,0.0,0.0,0.4605873762777868,0.4452830188679246,0.3823713294611165,0.0
2022-07-11,-0.09467015506245668,0.13669732235736556,0.1675677458988674,1.1810337081607123,0.0,0.1111111111111111,0.005244755244755245,0.00390625,0.0,0.0,0.0,0.3944572448482882,0.3834198420703058,0.3603346509626761,0.0
2022-07-12,-0.30653920779454946,0.13669732235736556,0.1675677458988674,0.5022787034706477,0.2857142857142857,0.1111111111111111,0.0048951048951048955,0.0,0.0,0.0,0.0,0.41372708096706146,0.40582519495215374,0.3415315424330429,0.0
2022-07-13,0.7528060558659143,0.7563588017651879,0.1675677458988674,1.1810337081607123,0.2857142857142857,0.1111111111111111,0.0017482517482517483,0.01171875,0.0,0.0,0.0,0.48222618854453997,0.5027576197387519,0.47512638485532965,0.0
2022-07-14,0.2937564416130467,0.13669732235736556,0.1675677458988674,-0.1764763012194168,0.0,0.1111111111111111,0.005244755244755245,0.02734375,0.007194244604316547,0.0,0.0,0.4716014927794905,0.5121497626134659,0.5086318167150694,0.0
2022-07-15,-0.09467015506245668,-0.11116726940576335,0.543280180649691,0.5022787034706477,0.14285714285714285,0.0,0.009790209790209791,0.0234375,0.007194244604316547,0.0,0.0,0.3704689274703878,0.40035915475634065,0.3502910885231795,0.0
2022-07-18,1.6355937755829675,1.2520879852914457,0.1675677458988674,-0.1764763012194168,0.14285714285714285,0.1111111111111111,0.0006993006993006993,0.015625,0.007194244604316547,0.0,0.0,0.5772513386337822,0.5234409977614327,0.4687298322039367,0.0
2022-07-19,0.6115600207111859,1.0042233935283167,0.1675677458988674,-0.1764763012194168,0.0,0.2222222222222222,0.0024475524475524478,0.01171875,0.0,0.0,0.0,0.47926659094596785,0.4603478389215518,0.360791787673443,0.0
2022-07-20,0.5762485119225037,0.6324265058836234,1.6704174849021616,-0.1764763012194168,0.0,0.0,0.002097902097902098,0.01171875,0.0,0.0,0.0,0.5266980366704527,0.5060736513246907,0.4376647036678499,0.0
2022-07-21,0.1525104064583182,0.13669732235736556,-0.20814468885195622,1.1810337081607123,0.14285714285714285,0.0,0.0006993006993006993,0.015625,0.0,0.0,0.0,0.4123705987343826,0.429076775479078,0.4034836506399914,0.0
2022-07-22,-0.024047137485092435,0.13669732235736556,-0.20814468885195622,-0.8552313059094814,0.14285714285714285,0.0,0.0017482517482517483,0.01171875,0.0,0.0,0.0,0.47261398669479143,0.4510590145383878,0.4029693718403786,0.0
2022-07-25,-0.44778524294927796,-0.35903186116889224,0.543280180649691,-0.8552313059094814,0.0,0.1111111111111111,0.006293706293706294,0.0078125,0.0,0.0,0.0,0.43776083076423816,0.4345624953875674,0.3804486662364204,0.0
2022-07-26,0.2584449328243646,-0.35903186116889224,-0.20814468885195622,1.1810337081607123,0.0,0.1111111111111111,0.0024475524475524478,0.0,0.0,0.023809523809523808,0.0,0.5306441668018822,0.5220388182332539,0.43077404001290737,0.0
2022-07-27,0.7174945470772323,0.7563588017651879,-0.5838571236027799,-0.1764763012194168,0.2857142857142857,0.1111111111111111,0.001048951048951049,0.0078125,0.0,0.0,0.0,0.47330845367515817,0.47170303313571627,0.42117416908680216,0.0
2022-07-28,0.3290679504017288,0.6324265058836234,1.6704174849021616,-0.1764763012194168,0.14285714285714285,0.3333333333333333,0.0006993006993006993,0.0234375,0.007194244604316547,0.0,0.0,0.49015090053545346,0.4867383336203292,0.40985667419597716,0.0
2022-07-29,-0.09467015506245668,0.26062961823893,0.9189926154005146,1.859788712850777,0.14285714285714285,0.1111111111111111,0.002097902097902098,0.015625,0.0,0.0,0.0,0.41863378224890474,0.41117315687190975,0.3761596482736366,0.0
2022-08-01,0.5409370031338216,-0.11116726940576335,1.2947050501513382,1.1810337081607123,0.42857142857142855,0.1111111111111111,0.0024475524475524478,0.0234375,0.0,0.0,0.0,0.490047055005679,0.534156601313621,0.4998521028288695,0.0
2022-08-02,-0.5184082605266422,0.38456191412049445,-0.20814468885195622,1.859788712850777,0.14285714285714285,0.2222222222222222,0.00909090909090909,0.0078125,0.007194244604316547,0.0,0.0,0.32992373843907186,0.35876116208703357,0.3524288749058836,0.0
2022-08-03,-0.6243427868926886,-0.35903186116889224,-0.20814468885195622,-0.1764763012194168,0.14285714285714285,0.1111111111111111,0.008741258741258742,0.0078125,0.0,0.0,0.0,0.4306149602466331,0.41929595827900923,0.35769939227707864,0.0
2022-08-04,0.47031398555645737,-0.35903186116889224,-0.5838571236027799,-0.1764763012194168,0.0,0.2222222222222222,0.0024475524475524478,0.0078125,0.0,0.0,0.0,0.5286775920817783,0.5092863644190795,0.43548658169301924,0.0
2022-08-05,0.11719889766963607,-0.2350995652873278,-0.5838571236027799,-0.1764763012194168,0.0,0.2222222222222222,0.002097902097902098,0.03515625,0.0,0.0,0.0,0.5539509978906376,0.558402007330693,0.4747062224373454,0.0
2022-08-08,1.1412326525414178,0.26062961823893,0.1675677458988674,-0.8552313059094814,0.14285714285714285,0.2222222222222222,0.0013986013986013986,0.02734375,0.0,0.0,0.0,0.49656336199902645,0.48843078891048197,0.4102801979133054,0.0
2022-08-09,0.1525104064583182,0.38456191412049445,-0.20814468885195622,-0.1764763012194168,0.0,0.3333333333333333,0.0,0.01171875,0.0,0.023809523809523808,0.0,0.4976861917897128,0.4867973727583578,0.4442091534903732,0.0
2022-08-10,0.6468715294998679,0.012765026475801109,-0.20814468885195622,-0.8552313059094814,0.14285714285714285,0.2222222222222222,0.0006993006993006993,0.01953125,0.0,0.023809523809523808,0.0,0.4418367678078857,0.43229932842980495,0.37502352909540715,0.0
2022-08-11,0.11719889766963607,0.26062961823893,0.543280180649691,-0.1764763012194168,0.0,0.2222222222222222,0.0013986013986013986,0.0234375,0.007194244604316547,0.0,0.0,0.5804121369462923,0.57605470960124,0.49973109605249005,0.0
2022-08-12,0.01126437130358969,-0.2350995652873278,0.543280180649691,-0.1764763012194168,0.14285714285714285,0.1111111111111111,0.002097902097902098,0.00390625,0.0,0.0,0.0,0.4671880577640759,0.4536714963961527,0.38232763256964614,0.0
2022-08-15,0.4350024767677752,0.012765026475801109,-0.5838571236027799,-0.1764763012194168,0.0,0.1111111111111111,0.002097902097902098,0.0078125,0.0,0.0,0.0,0.4750543566444913,0.4913975055964183,0.4548745563084866,0.0
2022-08-16,0.4350024767677752,0.38456191412049445,-0.5838571236027799,-0.1764763012194168,0.0,0.1111111111111111,0.00034965034965034965,0.01171875,0.0,0.0,0.0,0.48020120071393796,0.4791272047428108,0.43602102828869527,0.0
2022-08-17,0.2584449328243646,0.13669732235736556,-0.5838571236027799,-0.1764763012194168,0.0,0.1111111111111111,0.0013986013986013986,0.01171875,0.0,0.0,0.0,0.505630374817459,0.524675899731864,0.47743895880391524,0.0
2022-08-18,0.5762485119225037,0.26062961823893,-0.20814468885195622,-0.8552313059094814,0.14285714285714285,0.1111111111111111,0.0006993006993006993,0.02734375,0.0,0.0,0.0,0.4471069284439396,0.4446975474158078,0.4176683338711412,0.0
2022-08-19,-0.09467015506245668,0.13669732235736556,0.543280180649691,-0.8552313059094814,0.0,0.1111111111111111,0.0038461538461538464,0.0,0.0,0.0,0.0,0.4380918383903943,0.412816412880372,0.36981687641174577,0.0
2022-08-22,0.2584449328243646,0.13669732235736556,-0.20814468885195622,0.5022787034706477,0.0,0.1111111111111111,0.002097902097902098,0.015625,0.0,0.0,0.0,0.5159110822651306,0.5337925266291113,0.47526755942777243,0.0
2022-08-23,0.47031398555645737,0.012765026475801109,0.1675677458988674,-0.8552313059094814,0.14285714285714285,0.1111111111111111,0.001048951048951049,0.0078125,0.0,0.0,0.0,0.4735291254259289,0.45534427197362926,0.42175903517263635,0.0
2022-08-24,-0.730277313258735,-0.11116726940576335,-0.20814468885195622,1.1810337081607123,0.0,0.1111111111111111,0.010839160839160839,0.0,0.007194244604316547,0.0,0.0,0.3557553139704689,0.33350717079530645,0.29777750887383025,0.0
2022-08-25,0.2584449328243646,-0.11116726940576335,-0.20814468885195622,-0.1764763012194168,0.42857142857142855,0.1111111111111111,0.007692307692307693,0.0,0.0,0.0,0.0,0.5393087781924387,0.47833017637942493,0.40545673335484567,0.0
2022-08-26,-0.4830967517379601,-0.11116726940576335,-0.20814468885195622,-0.8552313059094814,0.0,0.4444444444444444,0.006643356643356644,0.0078125,0.0,0.0,0.0,0.45659581372708097,0.45720400482152973,0.38615951382166286,0.0
2022-08-29,0.1525104064583182,-0.2350995652873278,-0.20814468885195622,-0.1764763012194168,0.0,0.2222222222222222,0.0013986013986013986,0.015625,0.0,0.0,0.0,0.48567256206392984,0.4582716292342132,0.4077390556093364,0.0
2022-08-30,-0.41247373416059585,-0.4829641570504567,-0.20814468885195622,-0.1764763012194168,0.0,0.1111111111111111,0.004195804195804196,0.0078125,0.0,0.0,0.0,0.44958624046730483,0.45582642493419606,0.3967308002581478,0.0
2022-08-31,-0.6596542956813707,-0.35903186116889224,-0.20814468885195622,-0.8552313059094814,0.0,0.1111111111111111,0.01818181818181818,0.0078125,0.0,0.0,0.0,0.42619503488560767,0.4115175518437431,0.3665026352586856,0.0
2022-09-01,-0.16529317263982093,-0.2350995652873278,-0.5838571236027799,-0.1764763012194168,0.0,0.0,0.0038461538461538464,0.00390625,0.0,0.0,0.0,0.4418627291903294,0.4321664903692407,0.37238490911046573,0.0
2022-09-02,0.2584449328243646,0.13669732235736556,-0.5838571236027799,-0.8552313059094814,0.14285714285714285,0.0,0.0017482517482517483,0.01171875,0.0,0.0,0.0,0.47968846341067656,0.4710191631202185,0.419093524792944,0.0
2022-09-05,0.11719889766963607,-0.2350995652873278,0.1675677458988674,-0.8552313059094814,0.0,0.0,0.0024475524475524478,0.00390625,0.0,0.0,0.0,0.5040012980691221,0.4652579272342624,0.4270698881359578,0.0
2022-09-06,0.22313342403568245,-0.2350995652873278,0.543280180649691,0.5022787034706477,0.0,0.0,0.00034965034965034965,0.01171875,0.0,0.0,0.0,0.5649391530098977,0.5262404368896215,0.4234161557491664,0.0
2022-09-07,0.2937564416130467,-0.35903186116889224,-0.5838571236027799,-0.1764763012194168,0.2857142857142857,0.0,0.0024475524475524478,0.00390625,0.0,0.023809523809523808,0.0,0.4823365244199253,0.49576640181053366,0.46010473808755514,0.0
2022-09-08,-0.3418507165832316,0.13669732235736556,-0.5838571236027799,-0.8552313059094814,0.14285714285714285,0.1111111111111111,0.002097902097902098,0.00390625,0.0,0.0,0.0,0.45522635080318025,0.43280608103121704,0.3577027535764225,0.0
2022-09-09,-0.41247373416059585,-0.35903186116889224,-0.5838571236027799,-0.8552313059094814,0.0,0.1111111111111111,0.002097902097902098,0.00390625,0.0,0.0,0.0,0.5297290280707447,0.530028781579789,0.45378213402172746,0.0
2022-09-13,-0.30653920779454946,-0.2350995652873278,0.1675677458988674,-0.8552313059094814,0.0,0.0,0.0034965034965034965,0.00390625,0.0,0.023809523809523808,0.0,0.4801038455297744,0.4941428255147476,0.4233758201570399,0.0
2022-09-14,-0.5537197693153243,-0.2350995652873278,-0.5838571236027799,0.5022787034706477,0.0,0.0,0.002097902097902098,0.0,0.0,0.0,0.0,0.4244296608794418,0.41386927750854846,0.358519549316984,0.0
2022-09-15,-0.7655888220474171,-0.35903186116889224,-0.20814468885195622,-0.8552313059094814,0.0,0.0,0.013286713286713287,0.0,0.0,0.0,0.0,0.401213694629239,0.3716710536026175,0.31329326664515433,0.0
2022-09-16,-0.5890312781040065,-0.4829641570504567,-0.5838571236027799,-0.1764763012194168,0.0,0.0,0.006993006993006993,0.0,0.0,0.047619047619047616,0.0,0.32751582021742653,0.3619148360433938,0.34144750994944606,0.0
2022-09-19,-0.6243427868926886,-0.2350995652873278,-0.5838571236027799,-0.1764763012194168,0.0,0.0,0.006643356643356644,0.00390625,0.0,0.0,0.05,0.45422683757910104,0.45143292907923555,0.39602828869527806,0.0
2022-09-20,0.364379459190411,-0.4829641570504567,-0.20814468885195622,-0.1764763012194168,0.14285714285714285,0.0,0.00034965034965034965,0.00390625,0.0,0.0,0.0,0.49081291578776565,0.5089714890162604,0.44383268796385933,0.0
2022-09-21,-0.27122769900586735,-0.11116726940576335,-0.5838571236027799,-0.1764763012194168,0.0,0.0,0.0013986013986013986,0.00390625,0.0,0.023809523809523808,0.0,0.4657731624208989,0.4423409018228334,0.36994124448746907,0.0
2022-09-22,-0.27122769900586735,-0.7308287488135856,-0.20814468885195622,-0.1764763012194168,0.14285714285714285,0.0,0.001048951048951049,0.00390625,0.0,0.0,0.0,0.459425604413435,0.4339229047255911,0.40275424868237064,0.0
2022-09-23,-0.9068348572021456,-0.4829641570504567,-0.9595695583536035,-0.1764763012194168,0.14285714285714285,0.0,0.004545454545454545,0.00390625,0.0,0.0,0.0,0.43375628752231055,0.42740891982977053,0.3977122996665591,0.0
2022-09-26,-0.2359161902171852,-0.7308287488135856,-0.9595695583536035,-0.8552313059094814,0.14285714285714285,0.0,0.002797202797202797,0.0078125,0.0,0.0,0.0,0.39857861431121205,0.455619787951096,0.4481317898246746,0.0
2022-09-27,0.6468715294998679,-0.11116726940576335,-0.5838571236027799,-0.8552313059094814,0.0,0.1111111111111111,0.00034965034965034965,0.0078125,0.0,0.0,0.0,0.5673276001947103,0.570613269046272,0.4949815800795956,0.0
2022-09-28,-0.6596542956813707,0.13669732235736556,0.1675677458988674,-0.1764763012194168,0.0,0.0,0.0073426573426573424,0.0,0.0,0.0,0.0,0.3742722699983774,0.35396423212221106,0.33390139292244814,0.0
2022-09-29,-0.8715233484134635,-0.35903186116889224,-0.20814468885195622,0.5022787034706477,0.14285714285714285,0.0,0.005594405594405594,0.0,0.0,0.0,0.0,0.4684082427389258,0.48413077169073343,0.4481250672259869,0.0
2022-09-30,-0.6596542956813707,-0.4829641570504567,-0.20814468885195622,0.5022787034706477,0.2857142857142857,0.0,0.006993006993006993,0.0,0.0,0.0,0.0,0.44075288009086483,0.4117733881085337,0.3567649510594815,0.0
2022-10-10,-0.4830967517379601,-0.2350995652873278,-0.9595695583536035,-0.1764763012194168,0.0,0.0,0.012587412587412588,0.0,0.0,0.0,0.0,0.36881388933960735,0.3581412511377335,0.34277186189093256,0.0
2022-10-11,0.01126437130358969,-0.2350995652873278,-0.9595695583536035,-0.8552313059094814,0.0,0.0,0.002097902097902098,0.00390625,0.0,0.0,0.0,0.4889631672886581,0.5012619615753611,0.4587467731526299,0.0
2022-10-12,0.6821830382885501,0.26062961823893,0.9189926154005146,-0.8552313059094814,0.0,0.0,0.0,0.0078125,0.0,0.0,0.0,0.5762063929904268,0.596462571646454,0.5411725556631171,0.0
2022-10-13,0.11719889766963607,0.8802910976467523,-0.5838571236027799,1.1810337081607123,0.0,0.0,0.001048951048951049,0.0078125,0.0,0.0,0.0,0.4570111958461788,0.46577451969201256,0.4307908465096268,0.0
2022-10-14,0.8587405822319607,0.012765026475801109,-0.5838571236027799,-0.1764763012194168,0.2857142857142857,0.0,0.0006993006993006993,0.05078125,0.007194244604316547,0.0,0.0,0.5963394450754502,0.6135052028240389,0.5396398031623104,0.0
2022-10-17,0.3290679504017288,0.012765026475801109,0.543280180649691,-0.1764763012194168,0.0,0.2222222222222222,0.0,0.04296875,0.02158273381294964,0.0,0.0,0.504007788414733,0.4931588398809378,0.42130525976121325,0.0
2022-10-18,0.18782191524700032,0.012765026475801109,0.1675677458988674,-0.8552313059094814,0.14285714285714285,0.2222222222222222,0.0006993006993006993,0.01171875,0.007194244604316547,0.0,0.0,0.46825247444426416,0.48643329807384816,0.4366294234699365,0.0
2022-10-19,-0.20060468142850307,0.012765026475801109,-0.5838571236027799,-0.1764763012194168,0.0,0.2222222222222222,0.0013986013986013986,0.0,0.0,0.0,0.0,0.3995781275352912,0.4046591719760892,0.39138969560073145,0.0
2022-10-20,-0.09467015506245668,-0.2350995652873278,-0.20814468885195622,-0.1764763012194168,0.0,0.1111111111111111,0.0048951048951048955,0.01171875,0.0,0.0,0.0,0.45675158202174265,0.4476003050355465,0.38660992793374205,0.0
2022-10-21,-0.16529317263982093,-0.2350995652873278,0.1675677458988674,-0.1764763012194168,0.14285714285714285,0.1111111111111111,0.0048951048951048955,0.0078125,0.0,0.0,0.0,0.4849326626642868,0.4544193254778481,0.4110163224696139,0.0
2022-10-24,-0.4830967517379601,-0.2350995652873278,-0.20814468885195622,-0.8552313059094814,0.0,0.1111111111111111,0.005944055944055944,0.0078125,0.0,0.0,0.0,0.345558981015739,0.3741310176871418,0.33835175325373773,0.0
2022-10-25,0.01126437130358969,0.13669732235736556,0.1675677458988674,-0.1764763012194168,0.0,0.0,0.005944055944055944,0.0078125,0.0,0.0,0.0,0.4738666233976959,0.45001106983838046,0.388135957835861,0.0
2022-10-26,0.8940520910206429,-0.6068964529320212,-0.5838571236027799,-0.1764763012194168,0.0,0.0,0.0024475524475524478,0.02734375,0.0,0.0,0.0,0.5272756774298232,0.5577624166687167,0.5048974131440249,0.0
2022-10-27,-0.16529317263982093,0.38456191412049445,-0.5838571236027799,-0.1764763012194168,0.0,0.0,0.0048951048951048955,0.00390625,0.007194244604316547,0.0,0.0,0.4407204283628103,0.44421047452707196,0.36973620522749273,0.0
2022-10-28,-0.6243427868926886,-0.6068964529320212,0.1675677458988674,-0.8552313059094814,0.0,0.0,0.02027972027972028,0.00390625,0.0,0.0,0.0,0.3309037806263183,0.3158151090994072,0.29544812842852536,0.0
2022-10-31,0.4350024767677752,-0.35903186116889224,-0.20814468885195622,0.5022787034706477,0.0,0.0,0.010839160839160839,0.04296875,0.0,0.023809523809523808,0.0,0.4266818108064254,0.4729526948906547,0.4419537216306335,0.0
2022-11-01,0.929363599809325,-0.11116726940576335,-0.20814468885195622,-0.1764763012194168,0.14285714285714285,0.0,0.0006993006993006993,0.01171875,0.0,0.0,0.0,0.6432970955703391,0.6347888120833437,0.5278954232548134,0.0
2022-11-02,0.6468715294998679,0.7563588017651879,0.1675677458988674,-0.8552313059094814,0.0,0.1111111111111111,0.00034965034965034965,0.02734375,0.0,0.0,0.0,0.5513288982638326,0.5408821431207105,0.47513646875336135,0.0
2022-11-03,-0.3771622253719137,0.012765026475801109,0.1675677458988674,0.5022787034706477,0.0,0.0,0.001048951048951049,0.0078125,0.0,0.0,0.0,0.4646113905565471,0.4582863890187204,0.4204783801226202,0.0
2022-11-04,0.6115600207111859,-0.2350995652873278,0.1675677458988674,-0.8552313059094814,0.2857142857142857,0.0,0.0,0.01171875,0.0,0.0,0.0,0.6346649359078371,0.6328798799537527,0.5265240131225126,0.0
2022-11-07,-0.09467015506245668,0.6324265058836234,0.543280180649691,0.5022787034706477,0.0,0.1111111111111111,0.0,0.015625,0.0,0.0,0.0,0.4914749310400779,0.48415045140340957,0.4249556308486609,0.0
2022-11-08,-0.5184082605266422,0.012765026475801109,-0.5838571236027799,-0.1764763012194168,0.14285714285714285,0.1111111111111111,0.00034965034965034965,0.00390625,0.0,0.0,0.0,0.44854129482394933,0.4467737571031463,0.38967207163601164,0.0
2022-11-09,-0.3418507165832316,-0.11116726940576335,-0.5838571236027799,-0.1764763012194168,0.14285714285714285,0.1111111111111111,0.001048951048951049,0.00390625,0.0,0.0,0.0,0.44206392990426735,0.4365255467270178,0.3745025276971066,0.0
2022-11-10,-0.16529317263982093,0.508494210002059,-0.20814468885195622,-0.1764763012194168,0.0,0.2222222222222222,0.0006993006993006993,0.01953125,0.0,0.0,0.0,0.4510076261560928,0.4099185751888023,0.361060691620953,0.0
2022-11-11,0.18782191524700032,0.012765026475801109,0.543280180649691,-0.1764763012194168,0.0,0.1111111111111111,0.0013986013986013986,0.0078125,0.0,0.0,0.0,0.5860068148628914,0.5795084991759121,0.48891779606324626,0.0
2022-11-14,0.08188738888095394,0.38456191412049445,0.543280180649691,-0.1764763012194168,0.0,0.0,0.0013986013986013986,0.01953125,0.0,0.0,0.0,0.46846016550381303,0.46359991144129303,0.3781192857911154,0.0
2022-11-15,0.6821830382885501,0.13669732235736556,0.9189926154005146,0.5022787034706477,0.14285714285714285,0.0,0.001048951048951049,0.0234375,0.014388489208633094,0.0,0.0,0.5833068310887554,0.5805269243069052,0.500188232763257,0.0
2022-11-16,-0.4830967517379601,0.012765026475801109,-0.20814468885195622,0.5022787034706477,0.2857142857142857,0.0,0.0013986013986013986,0.0078125,0.0,0.0,0.0,0.44744442641570664,0.42504243438045813,0.3803478272561041,0.0
2022-11-17,0.2584449328243646,0.012765026475801109,-0.5838571236027799,-0.8552313059094814,0.2857142857142857,0.1111111111111111,0.0,0.0078125,0.0,0.0,0.0,0.467181567418465,0.46904627192442994,0.39635433473163384,0.0
2022-11-18,-0.27122769900586735,-0.11116726940576335,0.1675677458988674,-0.8552313059094814,0.0,0.1111111111111111,0.0013986013986013986,0.0078125,0.0,0.0,0.0,0.4387408729514847,0.45723352439054393,0.4256883941056254,0.0
2022-11-21,-0.05935864627377457,0.13669732235736556,-0.20814468885195622,0.5022787034706477,0.0,0.1111111111111111,0.0017482517482517483,0.01171875,0.0,0.0,0.0,0.4510725296122018,0.4549949570736268,0.4167305313542003,0.0
2022-11-22,-0.41247373416059585,-0.35903186116889224,-0.20814468885195622,0.5022787034706477,0.14285714285714285,0.0,0.006293706293706294,0.00390625,0.0,0.0,0.0,0.4848417978257342,0.41710167031561346,0.3586069430999247,0.0
2022-11-23,-0.2359161902171852,0.012765026475801109,0.543280180649691,-0.8552313059094814,0.14285714285714285,0.1111111111111111,0.006293706293706294,0.0,0.007194244604316547,0.0,0.0,0.49337011195846175,0.46175001844973074,0.41558096697859526,0.0
2022-11-24,-0.20060468142850307,-0.4829641570504567,0.1675677458988674,0.5022787034706477,0.0,0.1111111111111111,0.001048951048951049,0.0,0.0,0.0,0.0,0.4607171831900048,0.4679934072962535,0.41328519952672904,0.0
2022-11-25,-0.5890312781040065,-0.4829641570504567,-0.5838571236027799,1.1810337081607123,0.0,0.1111111111111111,0.003146853146853147,0.0,0.0,0.0,0.0,0.5026577965276651,0.451683845415857,0.3825393944283102,0.0
2022-11-28,-0.5184082605266422,-0.11116726940576335,0.1675677458988674,-0.8552313059094814,0.2857142857142857,0.0,0.0017482517482517483,0.0078125,0.0,0.0,0.0,0.4282070420249878,0.4412978770509951,0.40482817037754115,0.0
2022-11-29,1.1059211437527356,-0.11116726940576335,0.1675677458988674,1.1810337081607123,0.0,0.2222222222222222,0.00034965034965034965,0.01171875,0.007194244604316547,0.0,0.0,0.6267467142625345,0.5933138176182629,0.4801347208777024,0.0
2022-11-30,-0.3418507165832316,0.012765026475801109,0.9189926154005146,-0.8552313059094814,0.42857142857142855,0.2222222222222222,0.0006993006993006993,0.0,0.0,0.0,0.0,0.4799091351614473,0.4838650955696048,0.42812533612993436,0.0
2022-12-01,0.01126437130358969,-0.2350995652873278,-0.20814468885195622,0.5022787034706477,0.0,0.3333333333333333,0.001048951048951049,0.015625,0.0,0.0,0.0,0.5057536913840661,0.544163735209466,0.4716071044422932,0.0
2022-12-02,0.01126437130358969,-0.11116726940576335,-0.9595695583536035,-0.1764763012194168,0.14285714285714285,0.2222222222222222,0.0024475524475524478,0.01171875,0.0,0.0,0.0,0.4575174428038293,0.45584118471870316,0.42321447778853394,0.0
2022-12-05,-0.16529317263982093,-0.35903186116889224,-0.20814468885195622,-0.8552313059094814,0.14285714285714285,0.1111111111111111,0.001048951048951049,0.0078125,0.0,0.0,0.0,0.5911212072042835,0.5206267988487369,0.4114331235882543,0.0
2022-12-06,-0.5537197693153243,-0.35903186116889224,-0.5838571236027799,-0.8552313059094814,0.0,0.1111111111111111,0.0038461538461538464,0.0,0.0,0.0,0.0,0.47809183839039426,0.5080121030232959,0.44306631171345595,0.0
2022-12-07,-0.09467015506245668,-0.35903186116889224,-0.5838571236027799,-0.1764763012194168,0.0,0.0,0.0006993006993006993,0.01171875,0.0,0.0,0.0,0.4505468116177186,0.48383065607242143,0.44935866408518876,0.0
2022-12-08,-0.20060468142850307,0.012765026475801109,-0.20814468885195622,-0.8552313059094814,0.14285714285714285,0.0,0.003146853146853147,0.00390625,0.007194244604316547,0.0,0.0,0.47203634593542104,0.46273892401170946,0.417086829084651,0.0
2022-12-09,-0.3771622253719137,-0.4829641570504567,0.1675677458988674,-0.1764763012194168,0.0,0.0,0.001048951048951049,0.015625,0.0,0.0,0.0,0.4961285088430959,0.5235098767557994,0.43248494137893945,0.0
2022-12-12,-0.30653920779454946,-0.2350995652873278,-0.9595695583536035,-0.1764763012194168,0.0,0.0,0.002097902097902098,0.01953125,0.0,0.0,0.0,0.4201525231218562,0.43139898157486906,0.3936652952565343,0.0
2022-12-13,-0.024047137485092435,0.012765026475801109,0.1675677458988674,-0.8552313059094814,0.14285714285714285,0.0,0.001048951048951049,0.0078125,0.007194244604316547,0.0,0.0,0.47109524582184,0.4426656170819907,0.38476121329461116,0.0
2022-12-14,-0.16529317263982093,-0.11116726940576335,-0.20814468885195622,0.5022787034706477,0.0,0.1111111111111111,0.002797202797202797,0.0078125,0.0,0.0,0.0,0.47704689274703876,0.474399153772355,0.4087003872216844,0.0
2022-12-15,-0.6243427868926886,-0.35903186116889224,-0.5838571236027799,-0.1764763012194168,0.14285714285714285,0.0,0.0013986013986013986,0.00390625,0.007194244604316547,0.0,0.0,0.46054194385851044,0.4909940714865564,0.4642626653759277,0.0
2022-12-16,-0.30653920779454946,-0.2350995652873278,-0.5838571236027799,-0.8552313059094814,0.14285714285714285,0.1111111111111111,0.0013986013986013986,0.00390625,0.0,0.0,0.0,0.4750219049164368,0.44789550072568945,0.3846099548241368,0.0
2022-12-19,-0.8009003308360992,-0.2350995652873278,-0.5838571236027799,-0.8552313059094814,0.0,0.1111111111111111,0.005244755244755245,0.00390625,0.0,0.0,0.0,0.3521856238844718,0.4010282649873312,0.3819242766483812,0.399050477105948
2022-12-20,-0.730277313258735,-0.4829641570504567,0.1675677458988674,-0.8552313059094814,0.0,0.0,0.008041958041958041,0.00390625,0.0,0.0,0.0,0.40697712153172155,0.39756955548448997,0.3687782349144885,0.41024078024992383
2022-12-21,-0.5184082605266422,-0.7308287488135856,-0.9595695583536035,-0.1764763012194168,0.0,0.0,0.0013986013986013986,0.0,0.0,0.0,0.0,0.46533181891935743,0.4585815847088633,0.4098734806926966,0.40652240170679665
2022-12-22,-0.41247373416059585,-0.4829641570504567,-0.9595695583536035,-0.8552313059094814,0.14285714285714285,0.0,0.0024475524475524478,0.0,0.0,0.0,0.0,0.4470679863702742,0.4590883373102754,0.40796426266537594,0.3802194452910698
2022-12-23,-0.3418507165832316,-0.11116726940576335,-0.5838571236027799,-0.8552313059094814,0.0,0.0,0.004195804195804196,0.01171875,0.0,0.0,0.0,0.4584390718805776,0.4631571179060786,0.4068247821878025,0.3884251986964575
2022-12-26,0.3996909679790931,-0.6068964529320212,-0.20814468885195622,-0.1764763012194168,0.0,0.0,0.001048951048951049,0.01171875,0.0,0.0,0.0,0.5186110660392665,0.5338761654079851,0.48668253199956973,0.42801913112793943
2022-12-27,-0.3418507165832316,0.38456191412049445,-0.20814468885195622,-0.1764763012194168,0.14285714285714285,0.0,0.0013986013986013986,0.0078125,0.0,0.0,0.0,0.540165503813078,0.5323657474600871,0.46069296547273314,0.4171898811338007
2022-12-28,-0.6596542956813707,-0.4829641570504567,1.2947050501513382,-0.1764763012194168,0.0,0.1111111111111111,0.001048951048951049,0.0078125,0.0,0.0,0.0,0.4595099789063768,0.43270768246783603,0.3899342529848338,0.41019389023046443
2022-12-29,-0.44778524294927796,-0.4829641570504567,-0.20814468885195622,1.859788712850777,0.0,0.1111111111111111,0.0017482517482517483,0.00390625,0.0,0.0,0.0,0.44784033749797175,0.4689134338638657,0.43618909325588895,0.4130682484233231
2022-12-30,-0.3418507165832316,-0.2350995652873278,-0.20814468885195622,-0.8552313059094814,0.14285714285714285,0.1111111111111111,0.00034965034965034965,0.0,0.0,0.0,0.0,0.5094856401103358,0.48397825391749294,0.41645490480800257,0.4452277682695238
2023-01-03,0.9646751085980071,-0.2350995652873278,0.9189926154005146,-0.1764763012194168,0.0,0.0,0.0006993006993006993,0.03125,0.0,0.0,0.0,0.5338958299529449,0.5203955622247917,0.4340277777777778,0.4346353128736548
2023-01-04,-0.3418507165832316,0.26062961823893,-0.5838571236027799,1.1810337081607123,0.14285714285714285,0.0,0.0024475524475524478,0.00390625,0.0,0.0,0.0,0.4912282979068635,0.46559248234975775,0.38980988490911045,0.42168897850092607
2023-01-05,-0.27122769900586735,-0.6068964529320212,0.1675677458988674,-0.8552313059094814,0.14285714285714285,0.0,0.0024475524475524478,0.0,0.0,0.0,0.0,0.5425085185786143,0.5801530097660574,0.5128065505001613,0.43016434951820504
2023-01-06,-0.44778524294927796,-0.2350995652873278,-0.9595695583536035,-0.8552313059094814,0.0,0.0,0.003146853146853147,0.00390625,0.0,0.0,0.0,0.481616096057115,0.4907283953654278,0.4519703936753791,0.4284997538273978
2023-01-09,-0.05935864627377457,-0.7308287488135856,-0.20814468885195622,-0.8552313059094814,0.0,0.0,0.00034965034965034965,0.0,0.0,0.0,0.0,0.5145546000324517,0.5108902610021894,0.44548644724104547,0.4347759829320329
2023-01-10,-0.3418507165832316,-0.2350995652873278,-0.9595695583536035,-0.1764763012194168,0.0,0.0,0.0006993006993006993,0.0,0.0,0.0,0.0,0.4631964952133701,0.49955966642887023,0.4665281811336991,0.42095749419736006
2023-01-11,-0.8009003308360992,-0.35903186116889224,-0.20814468885195622,-0.8552313059094814,0.14285714285714285,0.0,0.0006993006993006993,0.0,0.0,0.0,0.0,0.46093136459516465,0.44642444220314387,0.38210914811229424,0.41864112723606783
2023-01-12,-0.44778524294927796,-0.7308287488135856,-0.5838571236027799,-0.1764763012194168,0.0,0.1111111111111111,0.002097902097902098,0.00390625,0.0,0.0,0.0,0.47994807723511274,0.4865267767090601,0.4374058836183715,0.41665064591001805
2023-01-13,-0.41247373416059585,-0.4829641570504567,-0.9595695583536035,-0.1764763012194168,0.0,0.0,0.0024475524475524478,0.00390625,0.0,0.0,0.0,0.5419957812753529,0.5338269661262947,0.46754665483489294,0.42765573347712943
2023-01-16,-0.41247373416059585,-0.11116726940576335,-0.20814468885195622,-0.8552313059094814,0.0,0.0,0.0017482517482517483,0.0078125,0.007194244604316547,0.0,0.0,0.5422164530261236,0.5530196059137538,0.48274645046789283,0.4417157058120179
2023-01-17,-0.5184082605266422,-0.6068964529320212,0.543280180649691,-0.1764763012194168,0.0,0.0,0.002097902097902098,0.00390625,0.0,0.0,0.0,0.4699075125750446,0.4813903717005733,0.42818247821878025,0.42474151876773025
2023-01-18,-0.4830967517379601,-0.35903186116889224,-0.5838571236027799,-0.1764763012194168,0.14285714285714285,0.0,0.0013986013986013986,0.0,0.007194244604316547,0.0,0.0,0.476962518254097,0.4794322402892918,0.41800782510487255,0.44379293367406747
2023-01-19,-0.6243427868926886,-0.6068964529320212,-0.20814468885195622,-0.8552313059094814,0.14285714285714285,0.0,0.0034965034965034965,0.00390625,0.0,0.0,0.0,0.5085899724160311,0.5179601977811125,0.45658545767451864,0.4357419173328957
2023-01-20,-0.6949658044700529,-0.4829641570504567,-0.5838571236027799,-0.8552313059094814,0.0,0.0,0.0013986013986013986,0.00390625,0.0,0.0,0.0,0.5257828979393152,0.5030380556443876,0.43918401097128107,0.45519424190561036
2023-01-30,0.6821830382885501,0.012765026475801109,-0.5838571236027799,-0.1764763012194168,0.0,0.0,0.0,0.01953125,0.0,0.023809523809523808,0.0,0.48559467791659905,0.5233278394135447,0.4564913412928902,0.42832626075539826
2023-01-31,-0.5537197693153243,0.26062961823893,0.1675677458988674,-0.8552313059094814,0.0,0.0,0.0024475524475524478,0.0,0.0,0.07142857142857142,0.05,0.4495408080480285,0.43597943470025347,0.37770248467247497,0.5566290765010667
2023-02-01,0.046575880092271815,-0.2350995652873278,1.2947050501513382,1.1810337081607123,0.0,0.0,0.0,0.03125,0.0,0.0,0.0,0.5349537562875223,0.5395537625150674,0.4629786490265677,0.4309192788315007
2023-02-02,-0.20060468142850307,-0.35903186116889224,-0.20814468885195622,0.5022787034706477,0.2857142857142857,0.0,0.00034965034965034965,0.0234375,0.0,0.0,0.0,0.47811779977283786,0.464298541241298,0.4055710175325374,0.37896279276955896
2023-02-03,-0.4830967517379601,-0.4829641570504567,-0.20814468885195622,-0.8552313059094814,0.2857142857142857,0.1111111111111111,0.0006993006993006993,0.015625,0.007194244604316547,0.0,0.0,0.4326594191140678,0.44402843718481716,0.3915140636764548,0.41718050312990884
2023-02-06,-0.6243427868926886,-0.11116726940576335,-0.5838571236027799,-0.8552313059094814,0.0,0.1111111111111111,0.0013986013986013986,0.0234375,0.014388489208633094,0.0,0.0,0.4274995943533993,0.4173722663649111,0.3732722921372486,0.3910486952852086
2023-02-07,-0.4830967517379601,-0.4829641570504567,0.543280180649691,-0.1764763012194168,0.0,0.1111111111111111,0.001048951048951049,0.01171875,0.014388489208633094,0.023809523809523808,0.0,0.49546649359078365,0.4811345354357827,0.412108744756373,0.4283590837690197
2023-02-08,-0.7655888220474171,-0.2350995652873278,-0.5838571236027799,-0.1764763012194168,0.14285714285714285,0.0,0.0,0.01171875,0.007194244604316547,0.0,0.0,0.4446925198766834,0.4449337039679221,0.4041794396041734,0.41412796286310455
2023-02-09,-0.730277313258735,-0.4829641570504567,0.1675677458988674,-0.1764763012194168,0.0,0.0,0.00034965034965034965,0.02734375,0.007194244604316547,0.0,0.0,0.5535031640434853,0.556079801234902,0.4785582714854254,0.4319321032518228
2023-02-10,-0.8362118396247814,-0.8547610446951501,-0.5838571236027799,0.5022787034706477,0.0,0.0,0.001048951048951049,0.0078125,0.007194244604316547,0.0,0.0,0.4573681648547785,0.4460554475904652,0.38804856405292026,0.414317867441915
2023-02-13,-0.12998166385113882,-0.35903186116889224,-0.9595695583536035,-0.8552313059094814,0.14285714285714285,0.0,0.0,0.0078125,0.007194244604316547,0.0,0.0,0.5233879604088918,0.5313965216107845,0.4572072980531354,0.45704405317328206
2023-02-14,-0.6949658044700529,-0.4829641570504567,-0.9595695583536035,-0.8552313059094814,0.0,0.0,0.00034965034965034965,0.0078125,0.0,0.0,0.0,0.49466818108064253,0.46763917246808206,0.4097121383241906,0.410519775865707
2023-02-15,-0.41247373416059585,-0.2350995652873278,-0.5838571236027799,-0.8552313059094814,0.0,0.0,0.0,0.01171875,0.0,0.0,0.0,0.45142949862080156,0.46278812329339997,0.39666357427127025,0.4103228377839777
2023-02-16,-0.8715233484134635,-0.4829641570504567,-0.9595695583536035,-0.1764763012194168,0.0,0.0,0.001048951048951049,0.00390625,0.0,0.0,0.0,0.41438909621937364,0.41120267644092406,0.37440841131547814,0.39125032236888374
2023-02-17,-0.5890312781040065,-0.6068964529320212,-0.20814468885195622,-0.8552313059094814,0.0,0.0,0.001048951048951049,0.0078125,0.0,0.0,0.0,0.4266883011520363,0.3960443777520849,0.3357131332687964,0.4072773310200924
2023-02-20,-0.12998166385113882,-0.35903186116889224,-0.9595695583536035,-0.8552313059094814,0.0,0.0,0.0017482517482517483,0.00390625,0.0,0.0,0.0,0.6101379198442317,0.5753167203758826,0.46334503065505,0.43454387733570915
2023-02-21,-0.9774578747795098,-0.7308287488135856,-0.20814468885195622,-0.8552313059094814,0.0,0.0,0.00034965034965034965,0.00390625,0.0,0.0,0.0,0.5085640110335875,0.48117881478930413,0.40530883618371516,0.41519471080580495
2023-02-22,-0.6596542956813707,-0.7308287488135856,-0.9595695583536035,0.5022787034706477,0.0,0.0,0.00034965034965034965,0.0,0.0,0.0,0.0,0.44645789388284923,0.44706895279328923,0.3958232494353017,0.40166928469275315
2023-02-23,-0.7655888220474171,-0.6068964529320212,-0.5838571236027799,-0.8552313059094814,0.2857142857142857,0.0,0.0006993006993006993,0.0078125,0.0,0.0,0.0,0.4694012656173941,0.4686821972399204,0.42785307088308056,0.40549082127869085
2023-02-24,-0.9068348572021456,-0.8547610446951501,-0.5838571236027799,-0.1764763012194168,0.0,0.1111111111111111,0.0,0.0,0.0,0.0,0.0,0.43652766509816643,0.435123367198839,0.3811511777992901,0.410154033713924
2023-02-27,-0.7655888220474171,-0.7308287488135856,-0.9595695583536035,-0.8552313059094814,0.0,0.0,0.0,0.0,0.0,0.0,0.0,0.45851046568229753,0.4395316228383066,0.3937089921480047,0.4105525988793285
2023-02-28,-0.8715233484134635,-0.4829641570504567,-0.5838571236027799,-0.8552313059094814,0.0,0.0,0.00034965034965034965,0.0078125,0.0,0.0,0.0,0.5196105792633458,0.509635679319082,0.4470225610411961,0.441706327808126
2023-03-01,-0.6243427868926886,-0.8547610446951501,-0.5838571236027799,-0.1764763012194168,0.0,0.0,0.0,0.015625,0.0,0.0,0.0,0.5414376115528152,0.5297139061769699,0.4408411315478111,0.43709469439429816
2023-03-02,-0.730277313258735,-0.4829641570504567,-0.9595695583536035,-0.1764763012194168,0.14285714285714285,0.0,0.001048951048951049,0.0078125,0.0,0.0,0.0,0.47332143436637997,0.448456372536961,0.3853326341830698,0.4138466227463484
2023-03-03,-0.8362118396247814,-0.7308287488135856,-0.9595695583536035,-0.8552313059094814,0.14285714285714285,0.0,0.0006993006993006993,0.00390625,0.0,0.0,0.0,0.5114132727567743,0.47621952719490307,0.4255304130364634,0.4072984315288491
2023-03-06,-0.8009003308360992,-0.7308287488135856,-0.5838571236027799,-0.8552313059094814,0.0,0.0,0.001048951048951049,0.0078125,0.0,0.0,0.0,0.4642219698198929,0.471471796511771,0.4328479617080779,0.4074180010784705
2023-03-07,-0.9774578747795098,-0.35903186116889224,-0.9595695583536035,-0.1764763012194168,0.0,0.0,0.0,0.00390625,0.0,0.0,0.0,0.4044913191627454,0.37788492288012604,0.35408599548241365,0.39379410592455394
2023-03-08,-0.8362118396247814,-0.8547610446951501,0.543280180649691,-0.8552313059094814,0.0,0.0,0.0,0.015625,0.007194244604316547,0.0,0.0,0.47298393639461295,0.47085680549063996,0.4115272399698828,0.4133448995381333
2023-03-09,-0.8715233484134635,-0.4829641570504567,-0.9595695583536035,0.5022787034706477,0.0,0.0,0.0,0.02734375,0.014388489208633094,0.0,0.0,0.46249553788739245,0.4674620550539963,0.4132616704313219,0.42590673575129534
2023-03-10,-1.012769383568192,-0.4829641570504567,-0.5838571236027799,-0.8552313059094814,0.14285714285714285,0.0,0.0017482517482517483,0.01171875,0.0,0.0,0.0,0.3854746065227973,0.4168212344099777,0.4169086802194256,0.40281340116756154
2023-03-13,-0.41247373416059585,-0.8547610446951501,-0.5838571236027799,-0.1764763012194168,0.0,0.1111111111111111,0.00034965034965034965,0.0078125,0.0,0.0,0.0,0.5542365730975175,0.5020885095077613,0.40134922555663116,0.4120085339835416
2023-03-14,-0.9421463659908278,-0.4829641570504567,-0.9595695583536035,-0.1764763012194168,0.14285714285714285,0.1111111111111111,0.001048951048951049,0.00390625,0.0,0.0,0.0,0.4302060684731462,0.43739637401293946,0.40029041626331074,0.39355027782336527
2023-03-15,-0.4830967517379601,-0.6068964529320212,-0.5838571236027799,-0.8552313059094814,0.0,0.1111111111111111,0.0,0.0,0.0,0.0,0.0,0.5126399480772351,0.4738678015300977,0.41209529955899754,0.4258692237357279
2023-03-16,-0.9774578747795098,-0.7308287488135856,-0.20814468885195622,-0.1764763012194168,0.0,0.1111111111111111,0.0013986013986013986,0.0078125,0.0,0.0,0.0,0.4041927632646438,0.3994686477577428,0.3692689846186942,0.37778585328112907
2023-03-17,-0.5890312781040065,-0.6068964529320212,-0.5838571236027799,-0.1764763012194168,0.14285714285714285,0.1111111111111111,0.0,0.01953125,0.0,0.0,0.0,0.5242187246470874,0.49288332390347106,0.407960901366032,0.42799334161723673
2023-03-20,-0.8715233484134635,-0.6068964529320212,-0.5838571236027799,-0.8552313059094814,0.14285714285714285,0.2222222222222222,0.002097902097902098,0.00390625,0.0,0.0,0.0,0.44541943858510463,0.4617352586652235,0.41762799827901476,0.40224134293015734
2023-03-21,-0.5537197693153243,-0.35903186116889224,-0.9595695583536035,-0.8552313059094814,0.0,0.1111111111111111,0.0013986013986013986,0.0078125,0.007194244604316547,0.0,0.0,0.518247606685056,0.5540085114757325,0.48668925459825746,0.4476472932736267
2023-03-22,-0.5890312781040065,-0.7308287488135856,-0.9595695583536035,-0.8552313059094814,0.0,0.0,0.001048951048951049,0.0234375,0.0,0.0,0.0,0.49676456271296443,0.5052225037514453,0.426905184468108,0.43369282348252175
2023-03-23,-0.9068348572021456,-0.2350995652873278,-0.9595695583536035,-0.8552313059094814,0.0,0.0,0.00034965034965034965,0.01171875,0.0,0.0,0.0,0.518176212883336,0.5215911047698705,0.4481654028181134,0.39275549199352916
2023-03-24,-0.7655888220474171,-0.8547610446951501,-0.20814468885195622,-0.8552313059094814,0.0,0.0,0.001048951048951049,0.0078125,0.0,0.0,0.0,0.43517767321109846,0.4874861627020246,0.43296560718511345,0.45365624926734344
2023-03-27,-0.6243427868926886,-0.35903186116889224,-0.9595695583536035,-0.1764763012194168,0.0,0.0,0.0013986013986013986,0.03125,0.0,0.0,0.0,0.4483011520363459,0.4810213770878946,0.459385420027966,0.42100438421681946
2023-03-28,-0.4830967517379601,-0.7308287488135856,-0.9595695583536035,-0.8552313059094814,0.0,0.0,0.001048951048951049,0.00390625,0.0,0.0,0.0,0.464617880902158,0.43995473666084484,0.37976632246961384,0.3973436803976274
2023-03-29,-0.9068348572021456,-0.4829641570504567,-0.9595695583536035,-0.8552313059094814,0.0,0.0,0.0006993006993006993,0.0078125,0.0,0.0,0.0,0.4660003245172805,0.48179872573860427,0.4230598580187157,0.4168241389820177
2023-03-30,-0.8715233484134635,-0.7308287488135856,-0.20814468885195622,-0.8552313059094814,0.0,0.0,0.00034965034965034965,0.01171875,0.0,0.0,0.0,0.5190913516144734,0.5057735357063787,0.43698908249973106,0.4169882540501254
2023-03-31,-0.3771622253719137,-0.8547610446951501,-0.9595695583536035,0.5022787034706477,0.0,0.0,0.00034965034965034965,0.0078125,0.0,0.0,0.0,0.49975012169398014,0.506708322058498,0.44341924814456274,0.4305793261904204
2023-04-03,-0.20060468142850307,-0.7308287488135856,-0.9595695583536035,-0.8552313059094814,0.14285714285714285,0.0,0.0,0.0234375,0.0,0.0,0.0,0.5233100762615609,0.5436176231827016,0.47721711304721953,0.4162075352261271
2023-04-04,-0.7655888220474171,-0.35903186116889224,-0.5838571236027799,-0.8552313059094814,0.0,0.1111111111111111,0.00034965034965034965,0.01171875,0.0,0.0,0.0,0.5084601655038131,0.46283240264692144,0.39464007206625795,0.40066349377534993
2023-04-06,-0.6243427868926886,-0.6068964529320212,-0.5838571236027799,-0.8552313059094814,0.0,0.1111111111111111,0.0017482517482517483,0.0234375,0.0,0.0,0.0,0.47677429823138084,0.4780546604019582,0.42701610734645584,0.3998476074367571
2023-04-07,-0.27122769900586735,-0.6068964529320212,-0.9595695583536035,-0.8552313059094814,0.0,0.1111111111111111,0.0,0.03515625,0.0,0.0,0.0,0.5060587376277786,0.5172763277656146,0.4484242228675917,0.4475066232152486
2023-04-10,-0.9421463659908278,-0.4829641570504567,-0.9595695583536035,-0.8552313059094814,0.0,0.0,0.005244755244755245,0.01171875,0.0,0.0,0.0,0.45266915463248414,0.435831836855182,0.4154935731956545,0.41824021756969026
2023-04-11,-0.5537197693153243,-0.7308287488135856,0.1675677458988674,-0.8552313059094814,0.0,0.0,0.0006993006993006993,0.01953125,0.0,0.0,0.0,0.4731397046892747,0.4773855501709676,0.41452215768527484,0.4258410897240522
2023-04-12,-0.05935864627377457,-0.2350995652873278,-0.5838571236027799,-0.1764763012194168,0.0,0.0,0.00034965034965034965,0.03515625,0.0,0.0,0.0,0.5033003407431446,0.47785786327519625,0.406276890394751,0.4084425480036574
2023-04-13,-0.730277313258735,-0.35903186116889224,-0.20814468885195622,-0.1764763012194168,0.14285714285714285,0.0,0.0006993006993006993,0.015625,0.0,0.0,0.0,0.4594385851046568,0.41573885021278695,0.38763512423362373,0.40237732398658943
2023-04-14,-0.5184082605266422,-0.7308287488135856,-0.9595695583536035,-0.1764763012194168,0.14285714285714285,0.0,0.001048951048951049,0.01953125,0.0,0.0,0.0,0.5153399318513711,0.5004698531401442,0.4513956114875766,0.4290272665463156
2023-04-17,-0.27122769900586735,-0.6068964529320212,-0.9595695583536035,-0.8552313059094814,0.0,0.0,0.002097902097902098,0.00390625,0.0,0.0,0.0,0.5689112445237708,0.4983149246021009,0.4289891900613101,0.4315851171078236
2023-04-18,-0.9421463659908278,-0.2350995652873278,-0.9595695583536035,-0.8552313059094814,0.0,0.0,0.0013986013986013986,0.0078125,0.0,0.0,0.0,0.49144247931202334,0.47726255196674133,0.41558096697859526,0.4261341523456732
2023-04-19,-0.5537197693153243,-0.4829641570504567,-0.9595695583536035,-0.8552313059094814,0.0,0.0,0.0017482517482517483,0.01171875,0.0,0.0,0.0,0.4322570176861918,0.4336867481734767,0.3989862321178875,0.41722035964644927
2023-04-20,-0.5537197693153243,-0.6068964529320212,-0.5838571236027799,-0.8552313059094814,0.0,0.0,0.001048951048951049,0.03515625,0.0,0.0,0.0,0.4706733733571313,0.4572286044623749,0.3797259868774873,0.40931235786462855
2023-04-21,-1.012769383568192,-0.7308287488135856,-0.9595695583536035,-0.8552313059094814,0.0,0.0,0.008391608391608392,0.00390625,0.007194244604316547,0.0,0.0,0.34984909946454645,0.36318417751100834,0.35613974938152093,0.3950765479567674
2023-04-24,-0.44778524294927796,-0.4829641570504567,-0.5838571236027799,-0.8552313059094814,0.0,0.0,0.005594405594405594,0.02734375,0.0,0.0,0.0,0.42582508518578616,0.4178937787508303,0.36283545767451864,0.4388788596347268
2023-04-25,-0.7655888220474171,-0.2350995652873278,-0.9595695583536035,-0.8552313059094814,0.0,0.0,0.015384615384615385,0.0234375,0.007194244604316547,0.0,0.0,0.45575206879766345,0.40218444810705767,0.35878173066580615,0.3648699974210489
2023-04-26,-0.16529317263982093,-0.35903186116889224,0.1675677458988674,-0.8552313059094814,0.0,0.0,0.008391608391608392,0.046875,0.0,0.023809523809523808,0.0,0.4751062794093785,0.49140242552458746,0.47206760245240403,0.44760743675708625
2023-04-27,-0.30653920779454946,-0.6068964529320212,-0.9595695583536035,-0.8552313059094814,0.0,0.0,0.01013986013986014,0.01171875,0.007194244604316547,0.0,0.0,0.5199545675807237,0.4889965806499226,0.43955711519845114,0.38648395189084006
2023-04-28,1.1059211437527356,-0.6068964529320212,-0.9595695583536035,-0.8552313059094814,0.0,0.0,0.0034965034965034965,0.0703125,0.0,0.0,0.0,0.5504916436800259,0.5285872426262577,0.4456108153167688,0.41590743910158723
2023-05-04,0.7881175646545965,1.1281556894098812,-0.5838571236027799,-0.8552313059094814,0.0,0.0,0.0038461538461538464,0.01953125,0.007194244604316547,0.0,0.0,0.5297290280707447,0.4471033922904726,0.3810906744111004,0.4109980540641925
2023-05-05,-0.5184082605266422,-0.35903186116889224,0.9189926154005146,-0.1764763012194168,0.0,0.0,0.003146853146853147,0.015625,0.0,0.0,0.0,0.445730975174428,0.43463629431010314,0.37625376465526517,0.48364007221062993
2023-05-08,0.01126437130358969,0.13669732235736556,-0.5838571236027799,-0.1764763012194168,0.14285714285714285,0.0,0.0017482517482517483,0.0234375,0.0,0.047619047619047616,0.0,0.5943988317377901,0.4949792133034858,0.42874717650855115,0.48993505732304876
2023-05-09,-0.730277313258735,-0.35903186116889224,-0.5838571236027799,-0.8552313059094814,0.0,0.0,0.0038461538461538464,0.00390625,0.0,0.0,0.0,0.40527016063605387,0.4310644264593738,0.3794234699365387,0.374069819238975
2023-05-10,-0.3418507165832316,-0.7308287488135856,-0.5838571236027799,-0.8552313059094814,0.0,0.0,0.002797202797202797,0.01953125,0.0,0.0,0.0,0.40218075612526366,0.4819266438709996,0.44473351618801765,0.38690830656694725
2023-05-11,-0.20060468142850307,-0.4829641570504567,-0.5838571236027799,-0.8552313059094814,0.0,0.0,0.0038461538461538464,0.0234375,0.007194244604316547,0.023809523809523808,0.0,0.4578679214668181,0.4762539666920864,0.4415234753146176,0.465819520315101
2023-05-12,-0.5890312781040065,-0.35903186116889224,-0.9595695583536035,-0.8552313059094814,0.0,0.0,0.0038461538461538464,0.0,0.0,0.0,0.0,0.40370598734382607,0.4147794642198224,0.3844788641497257,0.4058870419431224
2023-05-15,-0.27122769900586735,-0.6068964529320212,-0.5838571236027799,-0.8552313059094814,0.0,0.0,0.0017482517482517483,0.0234375,0.0,0.0,0.0,0.5527502839526205,0.5525472928095251,0.49115642142626653,0.4261951093709704
2023-05-16,-0.8009003308360992,-0.7308287488135856,-0.20814468885195622,-0.8552313059094814,0.0,0.0,0.007692307692307693,0.015625,0.007194244604316547,0.0,0.0,0.4379230894045108,0.4402892917763402,0.4118095891147682,0.4104939863550044
2023-05-17,-0.30653920779454946,-0.7308287488135856,-0.9595695583536035,0.5022787034706477,0.0,0.0,0.0034965034965034965,0.03125,0.007194244604316547,0.0,0.0,0.4633133214343663,0.4715997146441662,0.4193926804345488,0.43961268843926565
2023-05-18,-0.3418507165832316,-0.35903186116889224,-0.9595695583536035,-0.8552313059094814,0.14285714285714285,0.0,0.0,0.046875,0.0,0.0,0.0,0.5025020282330034,0.4695431846695039,0.39723163386038507,0.4135465266218085
2023-05-19,-0.8009003308360992,-0.4829641570504567,-0.5838571236027799,-0.8552313059094814,0.0,0.1111111111111111,0.0,0.01953125,0.007194244604316547,0.0,0.0,0.4495148466655849,0.48102629701606364,0.42109685920189305,0.43669612922889367
2023-05-22,-0.30653920779454946,-0.6068964529320212,-0.5838571236027799,-0.8552313059094814,0.0,0.1111111111111111,0.0006993006993006993,0.01171875,0.007194244604316547,0.0,0.0,0.50219049164368,0.4910481906964159,0.42250524362697645,0.44853585914238153
2023-05-23,-0.9068348572021456,-0.35903186116889224,-0.20814468885195622,-0.8552313059094814,0.0,0.1111111111111111,0.0006993006993006993,0.015625,0.007194244604316547,0.023809523809523808,0.0,0.37773811455460005,0.4246094807015818,0.38066042809508444,0.4305863596933393
2023-05-24,-0.5537197693153243,-0.6068964529320212,-0.20814468885195622,0.5022787034706477,0.0,0.1111111111111111,0.0017482517482517483,0.0390625,0.007194244604316547,0.0,0.0,0.39368489372059057,0.4340065435044649,0.4081524954286329,0.39800717417297726
2023-05-25,-0.41247373416059585,-0.2350995652873278,-0.5838571236027799,0.5022787034706477,0.2857142857142857,0.1111111111111111,0.001048951048951049,0.03125,0.007194244604316547,0.0,0.0,0.4695700146032776,0.4645248579370742,0.41858932989136277,0.40654819121749936
2023-05-26,-0.2359161902171852,-0.4829641570504567,-0.5838571236027799,-0.8552313059094814,0.0,0.2222222222222222,0.00034965034965034965,0.01953125,0.014388489208633094,0.0,0.0,0.49943209475904593,0.4811197756512755,0.3978534742390018,0.4351581365906267
2023-05-29,-0.6596542956813707,0.012765026475801109,-0.5838571236027799,-0.1764763012194168,0.0,0.1111111111111111,0.002097902097902098,0.03125,0.007194244604316547,0.0,0.0,0.4947071231543079,0.435733438291801,0.3818604119608476,0.40928187935197996
2023-05-30,-0.3418507165832316,-0.7308287488135856,0.1675677458988674,-0.1764763012194168,0.14285714285714285,0.0,0.0006993006993006993,0.0078125,0.02158273381294964,0.0,0.0,0.48220671750770727,0.49679466679786477,0.4427100139830053,0.4078118772419291
2023-05-31,-0.3771622253719137,-0.2350995652873278,-0.9595695583536035,-0.1764763012194168,0.14285714285714285,0.0,0.002797202797202797,0.01953125,0.0,0.0,0.0,0.4370858348207042,0.4409534820791617,0.3820251156286974,0.40564321384193375
2023-06-01,-0.4830967517379601,-0.11116726940576335,0.1675677458988674,-0.8552313059094814,0.14285714285714285,0.0,0.002097902097902098,0.015625,0.0,0.0,0.0,0.4767807885769917,0.49438390199503096,0.44014534258362914,0.4161231331911003
2023-06-02,0.046575880092271815,0.012765026475801109,-0.5838571236027799,-0.8552313059094814,0.0,0.0,0.002097902097902098,0.01171875,0.0,0.0,0.0,0.528151874087295,0.5488573466827386,0.4610963213939981,0.4356575152978689
2023-06-05,-0.20060468142850307,-0.6068964529320212,0.1675677458988674,-0.1764763012194168,0.0,0.0,0.001048951048951049,0.01953125,0.0,0.0,0.0,0.4814019146519552,0.4519642813214928,0.37332943422609444,0.4078751787681992
2023-06-06,-0.3418507165832316,-0.2350995652873278,-0.5838571236027799,0.5022787034706477,0.0,0.0,0.0038461538461538464,0.0078125,0.0,0.0,0.0,0.4021418140515982,0.3976285946225186,0.3632220070990642,0.3835767706843598
2023-06-07,0.01126437130358969,0.012765026475801109,-0.20814468885195622,-0.8552313059094814,0.14285714285714285,0.0,0.0006993006993006993,0.03125,0.0,0.0,0.0,0.481551192601006,0.4457061326904628,0.3659883564590728,0.40641221016106716
2023-06-08,-0.6949658044700529,-0.4829641570504567,0.543280180649691,-0.1764763012194168,0.0,0.0,0.004195804195804196,0.015625,0.007194244604316547,0.0,0.0,0.5087587214019147,0.48167572753437804,0.41082808970635687,0.4044850303612876
2023-06-09,0.4350024767677752,-0.11116726940576335,-0.9595695583536035,-0.1764763012194168,0.14285714285714285,0.0,0.0006993006993006993,0.0234375,0.0,0.0,0.0,0.5126269673860133,0.507820225824703,0.4503401634936001,0.4031252197969662
2023-06-12,0.01126437130358969,0.38456191412049445,0.1675677458988674,-0.8552313059094814,0.14285714285714285,0.1111111111111111,0.0006993006993006993,0.01953125,0.007194244604316547,0.023809523809523808,0.0,0.4714716858672724,0.5115987306585325,0.43495885769603093,0.388603380770403
2023-06-13,-0.41247373416059585,-0.4829641570504567,0.543280180649691,0.5022787034706477,0.0,0.0,0.0,0.0234375,0.0,0.0,0.0,0.4863670290442966,0.5124203586627636,0.4429016080456061,0.4020233043396713
2023-06-14,-0.05935864627377457,-0.2350995652873278,-0.5838571236027799,0.5022787034706477,0.0,0.0,0.00034965034965034965,0.015625,0.0,0.0,0.0,0.46723349018335225,0.4880617942978033,0.4145759384747768,0.4096827890183575
2023-06-15,-0.3418507165832316,-0.2350995652873278,-0.5838571236027799,-0.8552313059094814,0.14285714285714285,0.0,0.0017482517482517483,0.01953125,0.0,0.0,0.0,0.5248482881713451,0.5640796044377753,0.5357944767129181,0.44706116803038476
2023-06-16,0.046575880092271815,-0.6068964529320212,-0.20814468885195622,-0.8552313059094814,0.0,0.0,0.00034965034965034965,0.03125,0.0,0.0,0.0,0.5172610741521986,0.5295909079727437,0.46875,0.4324244484561461
2023-06-19,-0.30653920779454946,-0.2350995652873278,-0.9595695583536035,0.5022787034706477,0.0,0.0,0.001048951048951049,0.0234375,0.014388489208633094,0.0,0.0,0.44188220022716207,0.4610858281469091,0.41296923738840485,0.40407239819004526
2023-06-20,-0.30653920779454946,-0.35903186116889224,-0.5838571236027799,-0.8552313059094814,0.0,0.0,0.0006993006993006993,0.015625,0.0,0.0,0.0,0.44585429174103514,0.4888834223020344,0.429446326772077,0.4248306098047031
2023-06-21,-0.41247373416059585,-0.2350995652873278,-0.9595695583536035,-0.8552313059094814,0.0,0.0,0.005944055944055944,0.00390625,0.0,0.023809523809523808,0.0,0.39158202174265777,0.36785318934343564,0.33202578788856624,0.45375237380723515
2023-06-26,-0.5184082605266422,-0.11116726940576335,-0.20814468885195622,-0.8552313059094814,0.0,0.0,0.008041958041958041,0.0,0.0,0.0,0.0,0.3806782411163394,0.39231999212811497,0.3813158814671399,0.38545940496565306
2023-06-27,0.18782191524700032,-0.6068964529320212,0.1675677458988674,0.5022787034706477,0.0,0.0,0.0006993006993006993,0.00390625,0.0,0.0,0.0,0.5566185299367191,0.5230867629332612,0.42876734430461444,0.4203479239443884
2023-06-28,-0.5184082605266422,-0.6068964529320212,-0.9595695583536035,0.5022787034706477,0.14285714285714285,0.0,0.0024475524475524478,0.0078125,0.0,0.0,0.0,0.4765017037157228,0.4520233204595213,0.4052718618909325,0.4028040231636696
2023-06-29,0.08188738888095394,-0.6068964529320212,-0.5838571236027799,-0.8552313059094814,0.14285714285714285,0.1111111111111111,0.00034965034965034965,0.01953125,0.007194244604316547,0.023809523809523808,0.0,0.46240467304883986,0.47034513296105884,0.4170666612885877,0.4376409631209997
2023-06-30,0.11719889766963607,-0.4829641570504567,-0.5838571236027799,-0.8552313059094814,0.0,0.1111111111111111,0.00034965034965034965,0.0078125,0.0,0.0,0.0,0.5167742982313808,0.5252908907529951,0.4740642142626654,0.43088645581787915
2023-07-03,-0.2359161902171852,0.012765026475801109,-0.9595695583536035,-0.1764763012194168,0.0,0.0,0.0038461538461538464,0.0,0.0,0.0,0.0,0.5615901346746713,0.5042139184767903,0.4402428202646015,0.4075375706280918
2023-07-04,0.01126437130358969,-0.7308287488135856,0.543280180649691,-0.8552313059094814,0.0,0.0,0.0006993006993006993,0.01953125,0.0,0.023809523809523808,0.0,0.479389907512575,0.49240609087107334,0.4270429977412068,0.43168124164771526
2023-07-05,-0.8362118396247814,-0.4829641570504567,-0.9595695583536035,1.1810337081607123,0.0,0.0,0.001048951048951049,0.01171875,0.007194244604316547,0.0,0.0,0.43183514522148303,0.43057243364246883,0.389581316553727,0.41298150188732324
2023-07-06,-0.5184082605266422,-0.7308287488135856,-0.20814468885195622,-0.8552313059094814,0.14285714285714285,0.0,0.0006993006993006993,0.01171875,0.0,0.0,0.0,0.44165503813078044,0.4480430985707609,0.3894636710766914,0.3956814292077931
2023-07-07,-0.7655888220474171,-0.4829641570504567,-0.5838571236027799,-0.8552313059094814,0.0,0.0,0.002097902097902098,0.01171875,0.007194244604316547,0.0,0.0,0.45848450429985393,0.4394184644904185,0.38496289125524363,0.4315991841136614
2023-07-10,-0.5184082605266422,-0.35903186116889224,-0.20814468885195622,-0.1764763012194168,0.0,0.0,0.0006993006993006993,0.01171875,0.0,0.0,0.0,0.49102709719292553,0.49974662369929407,0.4661517156071851,0.4113426957072187
2023-07-11,-0.5890312781040065,-0.6068964529320212,-0.20814468885195622,-0.1764763012194168,0.14285714285714285,0.0,0.00034965034965034965,0.01953125,0.0,0.0,0.0,0.5124387473632971,0.5138176182627734,0.4475805367322792,0.405847185426582
2023-07-12,-0.5890312781040065,-0.2350995652873278,-0.5838571236027799,-0.1764763012194168,0.0,0.1111111111111111,0.0017482517482517483,0.015625,0.0,0.0,0.0,0.4257991238033425,0.4264052544832846,0.38998131117564805,0.38564227604154455
2023-07-13,-0.5184082605266422,-0.4829641570504567,-0.20814468885195622,-0.1764763012194168,0.0,0.1111111111111111,0.0013986013986013986,0.02734375,0.0,0.023809523809523808,0.0,0.5585656336199902,0.5546038227841874,0.48241368183284933,0.43450167631819564
2023-07-14,-0.4830967517379601,-0.35903186116889224,-0.5838571236027799,-0.8552313059094814,0.0,0.0,0.003146853146853147,0.03125,0.007194244604316547,0.0,0.0,0.4790848612688625,0.4685198396103417,0.40003831881252017,0.4320962183199306
2023-07-17,-0.6596542956813707,-0.35903186116889224,-0.9595695583536035,-0.8552313059094814,0.0,0.0,0.0034965034965034965,0.01953125,0.0,0.0,0.0,0.420366704527016,0.4441563553172125,0.3950299827901474,0.4040700536890723
2023-07-18,-0.9068348572021456,-0.7308287488135856,-0.20814468885195622,-0.8552313059094814,0.0,0.0,0.0,0.0078125,0.0,0.0,0.0,0.45276001947103683,0.4585127057144966,0.4098028934064752,0.40777202072538854
2023-07-19,-0.7655888220474171,-0.8547610446951501,-0.9595695583536035,-0.1764763012194168,0.0,0.0,0.00034965034965034965,0.015625,0.0,0.0,0.0,0.4787019308778192,0.4571449656835011,0.38449567064644513,0.40577450589642
2023-07-20,-0.7655888220474171,-0.2350995652873278,-0.9595695583536035,-0.8552313059094814,0.14285714285714285,0.0,0.001048951048951049,0.015625,0.0,0.0,0.0,0.4171604737952295,0.42284814641706236,0.38685194148650104,0.41158183480646143
2023-07-21,-0.6596542956813707,-0.4829641570504567,-0.20814468885195622,-0.8552313059094814,0.0,0.1111111111111111,0.004195804195804196,0.00390625,0.0,0.0,0.0,0.4729969170858348,0.47245086221741167,0.4318429332042595,0.41268609476472934
2023-07-24,-0.730277313258735,-0.6068964529320212,-0.9595695583536035,-0.8552313059094814,0.0,0.0,0.002097902097902098,0.00390625,0.0,0.0,0.0,0.46929092974200876,0.4468278763130059,0.395040066688179,0.4118280074086231
2023-07-25,0.11719889766963607,-0.4829641570504567,-0.20814468885195622,-0.8552313059094814,0.0,0.0,0.0,0.01953125,0.007194244604316547,0.0,0.0,0.6148109686840824,0.6004181938943692,0.49216481122942884,0.43930321431083397
2023-07-26,-0.6949658044700529,-0.11116726940576335,-0.5838571236027799,-0.8552313059094814,0.0,0.0,0.00034965034965034965,0.015625,0.007194244604316547,0.0,0.0,0.4595813727080967,0.4518708026862808,0.4175473270947618,0.4134527465828898
2023-07-27,-0.8715233484134635,-0.11116726940576335,-0.9595695583536035,-0.1764763012194168,0.0,0.0,0.0013986013986013986,0.01953125,0.0,0.0,0.0,0.4638390394288496,0.4549457577919363,0.40934575669570833,0.4091927883150071
2023-07-28,-0.12998166385113882,-0.6068964529320212,-0.20814468885195622,-0.8552313059094814,0.0,0.0,0.00034965034965034965,0.0234375,0.0,0.0,0.0,0.5961966574720103,0.554766180413766,0.47473983543078413,0.4314303800436077
2023-07-31,-0.3418507165832316,0.13669732235736556,-0.5838571236027799,0.5022787034706477,0.0,0.0,0.00034965034965034965,0.01171875,0.007194244604316547,0.0,0.0,0.5065844556222618,0.5122383213205087,0.44614526191244486,0.4297915738635032
2023-08-01,-0.44778524294927796,-0.7308287488135856,-0.9595695583536035,-0.8552313059094814,0.14285714285714285,0.0,0.001048951048951049,0.01171875,0.0,0.0,0.0,0.4764627616420574,0.4573270030257559,0.40084503065505,0.4120601130049469
2023-08-02,-0.8362118396247814,0.012765026475801109,-0.9595695583536035,-0.8552313059094814,0.0,0.0,0.0,0.0078125,0.007194244604316547,0.0,0.0,0.4189323381470063,0.45796659368773224,0.41229025492094223,0.419796966215741
2023-08-03,-0.730277313258735,-0.8547610446951501,-0.20814468885195622,-0.8552313059094814,0.0,0.0,0.0017482517482517483,0.0078125,0.0,0.0,0.0,0.5139899399643031,0.5014784384147992,0.4556745455523287,0.4273275033409139
2023-08-04,-0.9421463659908278,-0.4829641570504567,-0.9595695583536035,-0.8552313059094814,0.0,0.0,0.0006993006993006993,0.01171875,0.0,0.0,0.0,0.4917150738276813,0.5081154215148459,0.4522661880176401,0.43332239232879277
2023-08-07,-0.6949658044700529,-0.2350995652873278,-0.5838571236027799,-0.8552313059094814,0.0,0.0,0.002097902097902098,0.015625,0.014388489208633094,0.0,0.0,0.4386370274217102,0.4344936163932007,0.38663681832849306,0.401097226455349
2023-08-08,-0.5537197693153243,-0.4829641570504567,-0.5838571236027799,-0.8552313059094814,0.0,0.0,0.0024475524475524478,0.01953125,0.0,0.0,0.0,0.4603342527989615,0.4546554820299625,0.40239795095191994,0.40027665111481026
2023-08-09,-0.9068348572021456,-0.6068964529320212,-0.9595695583536035,-0.1764763012194168,0.0,0.0,0.0006993006993006993,0.015625,0.007194244604316547,0.0,0.0,0.4445237708907999,0.4490664436299231,0.41992712703022483,0.395688462710712
2023-08-10,-0.7655888220474171,-0.7308287488135856,-0.5838571236027799,-0.8552313059094814,0.14285714285714285,0.0,0.001048951048951049,0.015625,0.007194244604316547,0.0,0.0,0.4967905240954081,0.4800226316695777,0.4361453963644186,0.42244859681616764
2023-08-11,-0.8715233484134635,-0.6068964529320212,-0.9595695583536035,-0.1764763012194168,0.0,0.0,0.0013986013986013986,0.01953125,0.007194244604316547,0.0,0.0,0.34638974525393473,0.36775971070822366,0.34173658169301924,0.4056385248399878
2023-08-14,-0.7655888220474171,-0.4829641570504567,-0.9595695583536035,-0.8552313059094814,0.0,0.0,0.001048951048951049,0.01171875,0.007194244604316547,0.0,0.0,0.4546162583157553,0.45076873877641394,0.38585699688071423,0.4083323564579279
2023-08-15,-0.6596542956813707,-0.6068964529320212,-0.5838571236027799,-0.8552313059094814,0.0,0.0,0.00034965034965034965,0.015625,0.007194244604316547,0.0,0.0,0.47204283628103194,0.44072224545521643,0.39532241583306443,0.40747661360279464
2023-08-16,-0.8715233484134635,-0.6068964529320212,-0.5838571236027799,-0.1764763012194168,0.0,0.0,0.0,0.01171875,0.0,0.0,0.0,0.42341067661852994,0.429076775479078,0.395628294073357,0.39337444025039275
2023-08-17,-0.5184082605266422,-0.6068964529320212,-0.9595695583536035,-0.1764763012194168,0.14285714285714285,0.0,0.0,0.0234375,0.007194244604316547,0.0,0.0,0.5046827843582671,0.5054340606627145,0.4424041357427127,0.4265022389984292
2023-08-18,-0.8009003308360992,-0.4829641570504567,-0.9595695583536035,-0.8552313059094814,0.14285714285714285,0.0,0.003146853146853147,0.03125,0.014388489208633094,0.0,0.0,0.4114294986208015,0.3892450370224595,0.3761462030762612,0.399927320469838
2023-08-21,-0.8009003308360992,-0.11116726940576335,-0.20814468885195622,-0.8552313059094814,0.0,0.1111111111111111,0.0013986013986013986,0.01171875,0.014388489208633094,0.0,0.0,0.3958721401914652,0.4102482103761285,0.366331208992148,0.39103697278034366
2023-08-22,-0.27122769900586735,-0.4829641570504567,-0.20814468885195622,-0.1764763012194168,0.0,0.0,0.001048951048951049,0.0234375,0.0,0.0,0.0,0.5340451079019957,0.5011242035866277,0.4233758201570399,0.412050735001055
2023-08-23,-0.6596542956813707,-0.2350995652873278,-0.5838571236027799,-0.1764763012194168,0.0,0.0,0.0024475524475524478,0.02734375,0.014388489208633094,0.0,0.0,0.38942073665422683,0.3698851196772528,0.34294328815747016,0.3768292968841582
2023-08-24,-0.5184082605266422,-0.4829641570504567,-0.5838571236027799,-0.1764763012194168,0.14285714285714285,0.0,0.004195804195804196,0.01171875,0.014388489208633094,0.0,0.0,0.48473795229595973,0.5254188088853904,0.4623937829407336,0.39989918645816236
2023-08-25,-0.8009003308360992,-0.4829641570504567,-0.5838571236027799,-0.8552313059094814,0.0,0.0,0.013286713286713287,0.01171875,0.0,0.0,0.0,0.438377413597274,0.4149123022803868,0.38083857696030976,0.380932173586852
2023-08-28,-0.5537197693153243,-0.2350995652873278,-0.5838571236027799,-0.1764763012194168,0.0,0.0,0.0006993006993006993,0.0234375,0.007194244604316547,0.0,0.0,0.5498490994645464,0.5250891736980641,0.45255862106055716,0.43108573840058145
2023-08-29,0.3290679504017288,-0.35903186116889224,-0.5838571236027799,-0.8552313059094814,0.0,0.0,0.00034965034965034965,0.0703125,0.0,0.0,0.0,0.554664935907837,0.5818700646970555,0.5150787888566204,0.4736360865589759
2023-08-30,-0.6949658044700529,-0.35903186116889224,-0.20814468885195622,-0.8552313059094814,0.0,0.0,0.0006993006993006993,0.02734375,0.014388489208633094,0.0,0.0,0.47922764887230246,0.48817003271752235,0.41850193610842207,0.4312053079502028
2023-08-31,-0.6949658044700529,-0.4829641570504567,-0.5838571236027799,-0.1764763012194168,0.0,0.0,0.002797202797202797,0.015625,0.007194244604316547,0.023809523809523808,0.0,0.4409281194223592,0.4450468623158102,0.3970938205872862,0.42728999132534645
2023-09-01,-0.8362118396247814,-0.6068964529320212,-0.5838571236027799,-0.1764763012194168,0.14285714285714285,0.0,0.0,0.015625,0.0,0.0,0.0,0.5044556222618855,0.4967257878034981,0.41649187910078517,0.48787189646683704
2023-09-04,-0.024047137485092435,-0.6068964529320212,-0.9595695583536035,-0.1764763012194168,0.14285714285714285,0.1111111111111111,0.0006993006993006993,0.01171875,0.0,0.023809523809523808,0.0,0.5673925036508194,0.5448082457996114,0.4486460686242874,0.5596487937542494
2023-09-05,-0.9774578747795098,-0.6068964529320212,-0.5838571236027799,-0.8552313059094814,0.14285714285714285,0.1111111111111111,0.0,0.01953125,0.0,0.0,0.0,0.43028395262047703,0.44228678261297394,0.40955415725502853,0.3864394063723537
2023-09-06,-0.5537197693153243,-0.7308287488135856,-0.5838571236027799,-0.8552313059094814,0.0,0.2222222222222222,0.0,0.03515625,0.014388489208633094,0.0,0.0,0.4842641570663637,0.4633194755356573,0.4043878401634936,0.4213607483647106
2023-09-07,-1.048080892356874,-0.6068964529320212,-0.9595695583536035,-0.1764763012194168,0.0,0.0,0.002097902097902098,0.015625,0.0,0.0,0.0,0.40321921142300826,0.38455634547735607,0.3491482467462622,0.376550301268375
2023-09-08,-0.5890312781040065,-0.6068964529320212,-0.20814468885195622,-0.8552313059094814,0.14285714285714285,0.0,0.001048951048951049,0.03515625,0.0,0.0,0.0,0.4649294174914814,0.45636269710462235,0.4084045928794235,0.4064942676951211
2023-09-11,-0.7655888220474171,-0.35903186116889224,-0.9595695583536035,0.5022787034706477,0.0,0.0,0.0006993006993006993,0.015625,0.0,0.0,0.0,0.5309037806263184,0.5233081597008684,0.44220918038076795,0.44692049797200667
2023-09-12,-0.5890312781040065,-0.4829641570504567,-0.5838571236027799,-0.8552313059094814,0.0,0.0,0.00034965034965034965,0.00390625,0.007194244604316547,0.0,0.0,0.46482557196170693,0.47124547981599474,0.4004013391416586,0.423445009729679
2023-09-13,-0.8009003308360992,-0.4829641570504567,-0.5838571236027799,-0.1764763012194168,0.0,0.0,0.0,0.01171875,0.0,0.023809523809523808,0.0,0.44769105954892097,0.4191975597156282,0.3819948639346026,0.3872271586992709
2023-09-14,-0.7655888220474171,-0.6068964529320212,-0.5838571236027799,-0.1764763012194168,0.14285714285714285,0.0,0.0,0.01171875,0.0,0.0,0.0,0.48388122667532046,0.44726574992005125,0.3939274766053566,0.4262513773943217
2023-09-15,-0.5890312781040065,-0.11116726940576335,-0.9595695583536035,-0.8552313059094814,0.14285714285714285,0.1111111111111111,0.00034965034965034965,0.01171875,0.0,0.0,0.0,0.4583546973876359,0.44965191508203983,0.4048987576637625,0.4174407427379082
2023-09-18,-0.2359161902171852,-0.4829641570504567,0.1675677458988674,-0.8552313059094814,0.0,0.0,0.0024475524475524478,0.01171875,0.0,0.0,0.0,0.4936816485477851,0.5021081892204374,0.44996705926643005,0.42734391484772466
2023-09-19,-0.7655888220474171,-0.4829641570504567,-0.9595695583536035,-0.1764763012194168,0.0,0.0,0.003146853146853147,0.0,0.0,0.0,0.0,0.47461301314294985,0.4393791050650661,0.3905796224588577,0.4112934611867864
2023-09-20,-0.8715233484134635,-0.7308287488135856,-0.5838571236027799,-0.8552313059094814,0.0,0.0,0.0038461538461538464,0.0078125,0.0,0.0,0.0,0.4426026285899724,0.4493370396792208,0.3944014198128428,0.4015473706421588
2023-09-21,-0.9068348572021456,-0.6068964529320212,-0.5838571236027799,-0.8552313059094814,0.0,0.0,0.0,0.00390625,0.0,0.0,0.0,0.42680512737303256,0.43087254926078083,0.38689563837797136,0.40990786111176236
2023-09-22,-0.5890312781040065,-0.4829641570504567,-0.5838571236027799,-0.8552313059094814,0.0,0.0,0.001048951048951049,0.01953125,0.0,0.0,0.0,0.577063118611066,0.5723549236181152,0.49832943422609444,0.45833587320938735
2023-09-25,-0.8009003308360992,-0.2350995652873278,0.1675677458988674,-0.1764763012194168,0.0,0.0,0.0013986013986013986,0.01171875,0.0,0.0,0.0,0.44177835469738763,0.4471329118594869,0.40669033021404755,0.3964105690103862
2023-09-26,-0.6596542956813707,-0.35903186116889224,-0.5838571236027799,0.5022787034706477,0.14285714285714285,0.0,0.001048951048951049,0.01171875,0.007194244604316547,0.0,0.0,0.44885932175888366,0.4458242109665199,0.39433755512530927,0.40741565657749745
2023-09-27,-0.730277313258735,0.012765026475801109,-0.20814468885195622,-0.1764763012194168,0.0,0.1111111111111111,0.002097902097902098,0.01953125,0.007194244604316547,0.0,0.0,0.4871913029368814,0.4968241863668791,0.44789313757125954,0.416725669941153
2023-09-28,-0.41247373416059585,-0.6068964529320212,0.9189926154005146,-0.8552313059094814,0.0,0.0,0.001048951048951049,0.015625,0.0,0.0,0.0,0.483238682459841,0.47775454478364626,0.41631709153490376,0.44485264811384895
2023-10-09,-0.27122769900586735,0.26062961823893,-0.20814468885195622,1.1810337081607123,0.0,0.0,0.003146853146853147,0.0390625,0.014388489208633094,0.0,0.0,0.44835956514684405,0.47397112002164776,0.41130539421318707,0.41870208426136496
2023-10-10,-0.4830967517379601,-0.2350995652873278,1.2947050501513382,-0.8552313059094814,0.2857142857142857,0.0,0.003146853146853147,0.01171875,0.007194244604316547,0.0,0.0,0.43118611066039264,0.44751174632850366,0.4022534150801334,0.38009753124047546
2023-10-11,-0.44778524294927796,-0.2350995652873278,-0.5838571236027799,0.5022787034706477,0.0,0.0,0.0013986013986013986,0.01171875,0.0,0.0,0.0,0.4844913191627454,0.49228801259501614,0.44718726470904596,0.4204909385037395
2023-10-12,-0.5890312781040065,-0.4829641570504567,-0.5838571236027799,-0.8552313059094814,0.2857142857142857,0.0,0.0013986013986013986,0.0078125,0.0,0.0,0.0,0.5376537400616582,0.5160069862980001,0.44569484780036567,0.42529950999929667
2023-10-13,-0.5537197693153243,-0.35903186116889224,-0.20814468885195622,-0.8552313059094814,0.0,0.2222222222222222,0.0,0.0234375,0.0,0.0,0.0,0.4352880090864838,0.42673488967061085,0.3827377110895988,0.4003821536585938
2023-10-16,0.1525104064583182,-0.11116726940576335,-0.5838571236027799,0.5022787034706477,0.0,0.1111111111111111,0.002097902097902098,0.0078125,0.0,0.0,0.0,0.4466136621775109,0.4051659245775012,0.35306079918253197,0.3932032916793661
2023-10-17,-0.6596542956813707,-0.35903186116889224,-0.9595695583536035,-0.8552313059094814,0.14285714285714285,0.1111111111111111,0.002097902097902098,0.01171875,0.0,0.0,0.0,0.49708258964789875,0.4828023910850902,0.4290664999462192,0.38830562914683614
2023-10-18,-0.5890312781040065,-0.2350995652873278,-0.20814468885195622,-0.8552313059094814,0.0,0.1111111111111111,0.002097902097902098,0.01171875,0.007194244604316547,0.0,0.0,0.42446860295310723,0.41407591449164843,0.3800184199204044,0.3697512484467681
2023-10-19,-0.8009003308360992,-0.4829641570504567,0.1675677458988674,-0.1764763012194168,0.0,0.1111111111111111,0.006993006993006993,0.01171875,0.0,0.0,0.0,0.363504786629888,0.3942338441858749,0.37730921264924167,0.37444259489367687
2023-10-20,-0.3771622253719137,-0.2350995652873278,-0.9595695583536035,-0.1764763012194168,0.14285714285714285,0.1111111111111111,0.004545454545454545,0.0078125,0.0,0.0,0.0,0.4284017523933149,0.4320434921650145,0.3907644939227708,0.3811384896724732
2023-10-23,-0.44778524294927796,-0.35903186116889224,-0.5838571236027799,-0.8552313059094814,0.14285714285714285,0.2222222222222222,0.004545454545454545,0.0078125,0.0,0.0,0.0,0.38141165017037154,0.400998745418317,0.36342704635904055,0.3559093147023656
2023-10-24,0.2584449328243646,-0.35903186116889224,-0.20814468885195622,-0.1764763012194168,0.0,0.2222222222222222,0.001048951048951049,0.0234375,0.0,0.0,0.0,0.5273211098490995,0.5054586603035596,0.44886455308163925,0.4438562352003376
2023-10-25,-0.024047137485092435,0.13669732235736556,0.543280180649691,0.5022787034706477,0.14285714285714285,0.2222222222222222,0.001048951048951049,0.02734375,0.0,0.0,0.0,0.5026448158364433,0.4982558854640723,0.3897829945143595,0.45634070288139167
2023-10-26,-0.6243427868926886,-0.11116726940576335,0.1675677458988674,0.5022787034706477,0.2857142857142857,0.2222222222222222,0.0017482517482517483,0.01953125,0.007194244604316547,0.0,0.0,0.5075969495375628,0.4947381368232024,0.4419469990319458,0.4331512437577662
2023-10-27,0.6115600207111859,-0.4829641570504567,0.9189926154005146,0.5022787034706477,0.0,0.3333333333333333,0.0006993006993006993,0.01171875,0.02158273381294964,0.023809523809523808,0.0,0.5406782411163394,0.5805220043787361,0.5170485102721308,0.5139685367969428
2023-10-30,0.18782191524700032,-0.11116726940576335,-0.5838571236027799,0.5022787034706477,0.0,0.2222222222222222,0.0024475524475524478,0.03515625,0.0,0.0,0.0,0.4847444426415706,0.554352906447566,0.5034083575346886,0.4324197594542002
2023-10-31,-0.44778524294927796,-0.4829641570504567,0.1675677458988674,-0.8552313059094814,0.14285714285714285,0.1111111111111111,0.004195804195804196,0.0078125,0.0,0.0,0.0,0.4706603926659094,0.4434085262355171,0.4041189362159836,0.39805406419243666
2023-11-01,-0.41247373416059585,-0.6068964529320212,-0.5838571236027799,0.5022787034706477,0.0,0.2222222222222222,0.0017482517482517483,0.01171875,0.0,0.0,0.0,0.4858932338147006,0.456731691717301,0.4046567441110035,0.39441305418141753
2023-11-02,-0.7655888220474171,-0.6068964529320212,-0.5838571236027799,-0.1764763012194168,0.14285714285714285,0.2222222222222222,0.001048951048951049,0.01171875,0.007194244604316547,0.023809523809523808,0.0,0.4472886581210449,0.42917517404245903,0.38687210928256427,0.3982533467751389
2023-11-03,-0.27122769900586735,-0.4829641570504567,-0.5838571236027799,-0.8552313059094814,0.14285714285714285,0.1111111111111111,0.00034965034965034965,0.015625,0.0,0.023809523809523808,0.0,0.5227713775758559,0.5354259427812355,0.4695970474346563,0.4584648207629006
2023-11-06,0.08188738888095394,-0.2350995652873278,-0.20814468885195622,-0.1764763012194168,0.0,0.1111111111111111,0.00034965034965034965,0.0234375,0.0,0.0,0.0,0.5357715398344961,0.5838970751027036,0.5297038023018178,0.4769394884298877
2023-11-07,-0.30653920779454946,0.26062961823893,0.1675677458988674,0.5022787034706477,0.14285714285714285,0.1111111111111111,0.0,0.0234375,0.007194244604316547,0.023809523809523808,0.0,0.4742171020606847,0.46786056923568925,0.4043676723674303,0.4528942864511289
2023-11-08,-0.44778524294927796,0.26062961823893,0.543280180649691,0.5022787034706477,0.2857142857142857,0.1111111111111111,0.0013986013986013986,0.03125,0.0,0.023809523809523808,0.0,0.466240467304884,0.47306585323854283,0.42080106485963215,0.48476074367570865
2023-11-09,-0.6949658044700529,-0.4829641570504567,0.543280180649691,-0.1764763012194168,0.0,0.1111111111111111,0.006293706293706294,0.0078125,0.014388489208633094,0.0,0.0,0.4785656336199902,0.46543012472017914,0.4123137840163493,0.4329003821536586
2023-11-10,-0.4830967517379601,-0.2350995652873278,-0.5838571236027799,0.5022787034706477,0.0,0.1111111111111111,0.0048951048951048955,0.00390625,0.0,0.0,0.0,0.4462177510952458,0.44896312513837305,0.3982971657523932,0.40574637188474433
2023-11-13,-0.44778524294927796,-0.2350995652873278,-0.20814468885195622,-0.1764763012194168,0.2857142857142857,0.0,0.001048951048951049,0.01171875,0.0,0.0,0.0,0.4927924711990913,0.48029322771887534,0.4268648488759815,0.4427636977469346
2023-11-14,-0.44778524294927796,-0.6068964529320212,0.543280180649691,-0.1764763012194168,0.0,0.2222222222222222,0.00034965034965034965,0.0078125,0.014388489208633094,0.023809523809523808,0.0,0.49695927308129156,0.4834616614597428,0.41283142411530604,0.4383841699294305
2023-11-15,-0.20060468142850307,0.26062961823893,-0.5838571236027799,1.1810337081607123,0.0,0.1111111111111111,0.0,0.015625,0.007194244604316547,0.0,0.0,0.51224403699497,0.5108213820078227,0.4378865494245456,0.4827139943263076
2023-11-16,-0.6949658044700529,-0.6068964529320212,-0.20814468885195622,-0.1764763012194168,0.42857142857142855,0.0,0.0013986013986013986,0.015625,0.0,0.0,0.0,0.43036183676780787,0.41489754249587957,0.3580758578035925,0.36004032541673503
2023-11-17,-0.3418507165832316,-0.11116726940576335,-0.20814468885195622,-0.1764763012194168,0.14285714285714285,0.2222222222222222,0.00034965034965034965,0.01171875,0.007194244604316547,0.023809523809523808,0.0,0.4839526204770404,0.4877173993259699,0.43448155318920084,0.4371908189341899
2023-11-20,-0.05935864627377457,-0.11116726940576335,0.9189926154005146,0.5022787034706477,0.14285714285714285,0.2222222222222222,0.0,0.01953125,0.0,0.047619047619047616,0.05,0.5062858997241603,0.49642567218518613,0.4311000860492632,0.49314233465406887
2023-11-21,-0.5184082605266422,0.38456191412049445,0.543280180649691,1.859788712850777,0.0,0.2222222222222222,0.0006993006993006993,0.015625,0.0,0.11904761904761904,0.05,0.47582021742657793,0.46265036530466663,0.40552395934172314,0.5265538180198345
2023-11-22,-0.4830967517379601,0.13669732235736556,1.2947050501513382,0.5022787034706477,0.42857142857142855,0.1111111111111111,0.002797202797202797,0.01171875,0.0,0.23809523809523808,0.2,0.42518254097030667,0.4056185579690537,0.36215647520705607,0.6184207441446088
2023-11-23,-0.4830967517379601,-0.2350995652873278,-0.20814468885195622,-0.1764763012194168,0.0,0.1111111111111111,0.0048951048951048955,0.01171875,0.0,0.047619047619047616,0.1,0.5155476229109199,0.5138372979754496,0.4397487092610519,0.355663142100204
2023-11-24,-0.7655888220474171,-0.11116726940576335,-0.20814468885195622,0.5022787034706477,0.0,0.0,0.004195804195804196,0.0078125,0.007194244604316547,0.23857142857142813,0.2,0.43236735356157713,0.42890949792133043,0.3800755620092503,0.5732093873818959
2023-11-27,-0.5890312781040065,-0.6068964529320212,0.1675677458988674,-0.1764763012194168,0.14285714285714285,0.0,0.006993006993006993,0.01171875,0.0,0.23857142857142813,0.2,0.4568489372059062,0.44824481562569196,0.3998366408518877,0.6553819895435251
2023-11-28,-0.41247373416059585,-0.4829641570504567,-0.5838571236027799,1.1810337081607123,0.0,0.0,0.0034965034965034965,0.0078125,0.0,0.047619047619047616,0.15,0.49131267239980525,0.4992989102359106,0.4415234753146176,0.32164443298243967
2023-11-29,-0.7655888220474171,-0.11116726940576335,-0.9595695583536035,-0.1764763012194168,0.2857142857142857,0.0,0.0024475524475524478,0.01171875,0.0,0.023809523809523808,0.0,0.4406100924874249,0.4306609923495118,0.38461331612348065,0.24906806086324526
2023-11-30,-0.6949658044700529,-0.6068964529320212,0.1675677458988674,-0.8552313059094814,0.14285714285714285,0.1111111111111111,0.0006993006993006993,0.0,0.0,0.0,0.0,0.4937919844231705,0.46639443064131275,0.42841104657416373,0.3803296368367993
2023-12-01,-0.12998166385113882,-0.35903186116889224,-0.5838571236027799,0.5022787034706477,0.0,0.2222222222222222,0.001048951048951049,0.01953125,0.0,0.023809523809523808,0.0,0.48084374492941745,0.47201298861036634,0.42664972571797355,0.3267108995850233
2023-12-04,-0.20060468142850307,0.13669732235736556,-0.20814468885195622,-0.1764763012194168,0.14285714285714285,0.2222222222222222,0.0006993006993006993,0.0078125,0.007194244604316547,0.023809523809523808,0.0,0.45796527665098163,0.44478610612285063,0.3898905560933634,0.42529013199540483
2023-12-05,-0.6243427868926886,-0.2350995652873278,0.543280180649691,-0.1764763012194168,0.0,0.3333333333333333,0.0006993006993006993,0.01171875,0.0,0.23857142857142813,0.05,0.36795716371896803,0.3784162751223833,0.3535986070775519,0.5914120929360186
2023-12-06,-0.41247373416059585,-0.2350995652873278,-0.5838571236027799,0.5022787034706477,0.14285714285714285,0.1111111111111111,0.0024475524475524478,0.0078125,0.0,0.09523809523809523,0.05,0.4692974200876196,0.5078891048190697,0.4396781219748306,0.3936675028720137
2023-12-07,-0.5890312781040065,0.38456191412049445,-0.20814468885195622,-0.8552313059094814,0.2857142857142857,0.1111111111111111,0.005244755244755245,0.00390625,0.0,0.07142857142857142,0.0,0.4706733733571313,0.4683378022680869,0.4117490857265784,0.4756195343821068
2023-12-08,-0.6596542956813707,-0.11116726940576335,0.1675677458988674,-0.8552313059094814,0.0,0.0,0.004195804195804196,0.00390625,0.0,0.07142857142857142,0.05,0.483978581859484,0.49279968512459726,0.4469956706464451,0.40973905704170865
2023-12-11,-0.30653920779454946,-0.6068964529320212,-0.20814468885195622,0.5022787034706477,0.0,0.0,0.00034965034965034965,0.0078125,0.0,0.047619047619047616,0.0,0.524458867434691,0.5157413101768715,0.4620442078089706,0.3423252760649895
2023-12-12,-0.3418507165832316,-0.35903186116889224,-0.5838571236027799,-0.1764763012194168,0.2857142857142857,0.0,0.00034965034965034965,0.0078125,0.0,0.023809523809523808,0.05,0.5026707772188869,0.471466876583602,0.3993761428417769,0.4494478700208661
2023-12-13,-0.5184082605266422,-0.11116726940576335,0.1675677458988674,-0.8552313059094814,0.14285714285714285,0.2222222222222222,0.00034965034965034965,0.0,0.0,0.047619047619047616,0.05,0.40170047055005675,0.39924233106196655,0.36452955254383135,0.5050336435889621
2023-12-14,-0.3771622253719137,-0.11116726940576335,0.1675677458988674,0.5022787034706477,0.0,0.1111111111111111,0.003146853146853147,0.0,0.0,0.07142857142857142,0.0,0.4552652928768457,0.44477134633834353,0.3989627030224803,0.43921412327386117
2023-12-15,-0.41247373416059585,0.012765026475801109,0.9189926154005146,0.5022787034706477,0.14285714285714285,0.0,0.0006993006993006993,0.00390625,0.0,0.023809523809523808,0.0,0.44060360214181404,0.4581683107426632,0.3984954824136818,0.39538836658617216
2023-12-18,-0.5184082605266422,-0.35903186116889224,0.1675677458988674,-0.8552313059094814,0.0,0.0,0.0038461538461538464,0.0078125,0.0,0.023809523809523808,0.0,0.45071556060360213,0.41968463260436406,0.3683614337958481,0.5002250720934049
2023-12-19,-0.7655888220474171,-0.4829641570504567,-0.9595695583536035,-0.1764763012194168,0.0,0.0,0.005244755244755245,0.0078125,0.014388489208633094,0.023809523809523808,0.0,0.48015576829466167,0.4804949447738064,0.4343739916101968,0.39154104048953176
2023-12-20,-0.730277313258735,-0.11116726940576335,-0.20814468885195622,-0.8552313059094814,0.0,0.0,0.002797202797202797,0.0078125,0.007194244604316547,0.07142857142857142,0.0,0.40961869219535935,0.40589407394652044,0.3746033666774228,0.47978805711204364
2023-12-21,-0.4830967517379601,-0.4829641570504567,-0.20814468885195622,-0.1764763012194168,0.0,0.0,0.0017482517482517483,0.00390625,0.0,0.0,0.0,0.5137757585591433,0.5282182480135791,0.4756339410562547,0.25888448643706186
2023-12-22,-0.8715233484134635,-0.4829641570504567,-0.5838571236027799,-0.1764763012194168,0.0,0.0,0.015734265734265736,0.0,0.007194244604316547,0.023809523809523808,0.0,0.46787603439883174,0.45620525940321277,0.40777266860277506,0.4442501113637962
2023-12-25,-0.3771622253719137,-0.6068964529320212,0.1675677458988674,-0.1764763012194168,0.0,0.0,0.005944055944055944,0.0,0.007194244604316547,0.023809523809523808,0.0,0.48562712964465354,0.4938771493936189,0.4307370657201247,0.5155018404332637
2023-12-26,-0.41247373416059585,0.012765026475801109,-0.9595695583536035,1.1810337081607123,0.14285714285714285,0.0,0.0017482517482517483,0.00390625,0.0,0.023809523809523808,0.0,0.4323154307966899,0.4225824702959337,0.37786046574163706,0.45323658359318225
2023-12-27,-0.6596542956813707,-0.6068964529320212,0.1675677458988674,-0.8552313059094814,0.14285714285714285,0.1111111111111111,0.005944055944055944,0.00390625,0.0,0.047619047619047616,0.0,0.5118675969495375,0.4937541511893927,0.4226733085941702,0.3796028415351792
2023-12-28,0.18782191524700032,-0.11116726940576335,-0.9595695583536035,-0.1764763012194168,0.0,0.2222222222222222,0.002797202797202797,0.015625,0.0,0.023809523809523808,0.05,0.5659127048515333,0.608668913433864,0.549579165322147,0.4836846177291164
2023-12-29,-0.09467015506245668,0.7563588017651879,0.543280180649691,-0.8552313059094814,0.0,0.2222222222222222,0.0006993006993006993,0.01171875,0.0,0.047619047619047616,0.05,0.52107739737141,0.5188064254261888,0.44142599763364526,0.47893465875788344
2024-01-02,-0.2359161902171852,-0.6068964529320212,2.421842354403809,0.5022787034706477,0.0,0.1111111111111111,0.0006993006993006993,0.0078125,0.0,0.09523809523809523,0.0,0.44902158039915624,0.41150771198740504,0.3572052812735291,0.46956368836893064
2024-01-03,-0.6596542956813707,-0.2350995652873278,-0.5838571236027799,1.1810337081607123,0.2857142857142857,0.0,0.002797202797202797,0.0,0.0,0.0,0.0,0.48752880090864836,0.43833608029322774,0.38182007636872106,0.41110355660797604
2024-01-04,-0.3771622253719137,0.012765026475801109,-0.5838571236027799,-0.1764763012194168,0.0,0.0,0.002797202797202797,0.00390625,0.0,0.023809523809523808,0.0,0.44842446860295304,0.41425795183390324,0.35979012046896847,0.4057440273837714
2024-01-05,-0.8362118396247814,-0.4829641570504567,0.1675677458988674,-0.1764763012194168,0.0,0.0,0.003146853146853147,0.0078125,0.007194244604316547,0.023809523809523808,0.0,0.42135323705987343,0.4224693119480456,0.3713496289125524,0.32650458349940215
2024-01-08,-0.5537197693153243,-0.11116726940576335,-0.5838571236027799,0.5022787034706477,0.14285714285714285,0.0,0.0038461538461538464,0.0078125,0.0,0.0,0.0,0.3843647574233328,0.38416767115200123,0.3611985048940518,0.30937331488992564
2024-01-09,-0.16529317263982093,-0.6068964529320212,-0.5838571236027799,-0.1764763012194168,0.14285714285714285,0.1111111111111111,0.002097902097902098,0.00390625,0.0,0.0,0.0,0.4894823949375304,0.4884160291259748,0.4324580509841885,0.34683375143600687
2024-01-10,-0.4830967517379601,0.012765026475801109,-0.5838571236027799,-0.1764763012194168,0.0,0.1111111111111111,0.0038461538461538464,0.0,0.0,0.0,0.0,0.4417588836605549,0.4483924134707634,0.4056483274174465,0.4444212599348229
2024-01-11,-0.16529317263982093,-0.11116726940576335,0.543280180649691,-0.1764763012194168,0.0,0.0,0.00034965034965034965,0.01953125,0.0,0.0,0.0,0.4968164854778517,0.5475043664362501,0.48589934925244704,0.45897826647598056
2024-01-12,-0.8362118396247814,-0.11116726940576335,-0.5838571236027799,0.5022787034706477,0.0,0.0,0.0013986013986013986,0.00390625,0.0,0.0,0.0,0.4661301314294986,0.4439054389805909,0.38972249112616975,0.2701826366257942
2024-01-15,-0.41247373416059585,-0.4829641570504567,-0.20814468885195622,-0.8552313059094814,0.14285714285714285,0.0,0.0013986013986013986,0.0,0.0,0.0,0.0,0.4863540483530748,0.45753855993702497,0.390515757771324,0.3438632687032565
2024-01-16,-0.5184082605266422,-0.4829641570504567,-0.20814468885195622,-0.8552313059094814,0.0,0.1111111111111111,0.001048951048951049,0.00390625,0.0,0.09523809523809523,0.0,0.4939477527178322,0.49066935622739916,0.4329454393890502,0.5450824092091999
2024-01-17,-0.4830967517379601,0.012765026475801109,-0.5838571236027799,-0.8552313059094814,0.0,0.1111111111111111,0.003146853146853147,0.0,0.0,0.0,0.0,0.3412364108388772,0.34810951760104303,0.3192730181779069,0.3554873045272314
2024-01-18,-0.41247373416059585,0.012765026475801109,0.543280180649691,-0.8552313059094814,0.0,0.1111111111111111,0.002097902097902098,0.00390625,0.0,0.047619047619047616,0.0,0.5045075450267726,0.5242232663403116,0.48494137893944284,0.4773427425972382
2024-01-19,-0.3418507165832316,-0.2350995652873278,0.1675677458988674,0.5022787034706477,0.0,0.1111111111111111,0.0073426573426573424,0.0,0.0,0.047619047619047616,0.0,0.4458413110498134,0.4418636687904357,0.3873628589867699,0.4799896841957189
2024-01-22,-0.9421463659908278,-0.7308287488135856,-0.9595695583536035,1.1810337081607123,0.14285714285714285,0.1111111111111111,0.026223776223776224,0.00390625,0.0,0.0,0.0,0.3026188544539996,0.3030626552852329,0.3250510917500269,0.3199376362741191
2024-01-23,-0.09467015506245668,-0.6068964529320212,-0.9595695583536035,-0.8552313059094814,0.2857142857142857,0.2222222222222222,0.008741258741258742,0.00390625,0.007194244604316547,0.0,0.0,0.5111017361674509,0.542948512951711,0.462007233516188,0.45375237380723515
2024-01-24,0.4350024767677752,1.1281556894098812,-0.5838571236027799,-0.8552313059094814,0.0,0.1111111111111111,0.001048951048951049,0.01171875,0.0,0.0,0.0,0.5932695116014928,0.5243856239698901,0.43727479294396043,0.4054111082456099
2024-01-25,0.8234290734432786,1.2520879852914457,3.0,-0.1764763012194168,0.0,0.0,0.001048951048951049,0.0234375,0.007194244604316547,0.047619047619047616,0.0,0.6432970955703391,0.573840741925168,0.46893487146391305,0.43514406958478885
2024-01-26,-0.3771622253719137,-0.4829641570504567,2.0461299196529854,3.0,0.14285714285714285,0.0,0.002797202797202797,0.0078125,0.007194244604316547,0.023809523809523808,0.0,0.4858283303585916,0.4230597033283315,0.3453701462837474,0.3645792793004009
2024-01-29,-0.7655888220474171,-0.7308287488135856,-0.5838571236027799,1.1810337081607123,0.5714285714285714,0.0,0.01818181818181818,0.0078125,0.0,0.0,0.0,0.4167191302936881,0.37383090206882985,0.3029942454555233,0.26644081307293743
2024-01-30,-0.8362118396247814,-0.6068964529320212,-0.9595695583536035,-0.8552313059094814,0.14285714285714285,0.2222222222222222,0.022727272727272728,0.00390625,0.0,0.023809523809523808,0.0,0.35772188869057275,0.3572507441391356,0.33730975045713674,0.379984995193773
2024-01-31,-0.6243427868926886,-0.6068964529320212,-0.5838571236027799,-0.8552313059094814,0.0,0.1111111111111111,0.03986013986013986,0.00390625,0.0,0.023809523809523808,0.0,0.38037968521823784,0.37939534082802395,0.39812573948585567,0.41654983236818044
2024-02-01,-0.5537197693153243,-0.4829641570504567,-0.5838571236027799,-0.8552313059094814,0.0,0.1111111111111111,0.013986013986013986,0.0078125,0.0,0.0,0.0,0.43519065390232026,0.4917763400654351,0.4536644885446918,0.34670480388249364
2024-02-02,-0.6243427868926886,-0.35903186116889224,-0.9595695583536035,-0.1764763012194168,0.0,0.0,0.013286713286713287,0.00390625,0.0,0.023809523809523808,0.0,0.3815609281194223,0.3649405918673588,0.33841225664192753,0.3082784329355497
2024-02-05,-0.9068348572021456,-0.7308287488135856,-0.20814468885195622,-0.8552313059094814,0.0,0.0,0.044080419580419555,0.00390625,0.0,0.047619047619047616,0.05,0.4101509005354535,0.41960591375365924,0.4467234053995912,0.33090052282371696
2024-02-06,3.0,-0.6068964529320212,-0.9595695583536035,-0.1764763012194168,0.0,0.0,0.02902097902097902,0.0234375,0.007194244604316547,0.19047619047619047,0.05,0.6432970955703391,0.660664583897075,0.5801575104872536,0.6435631725787166
2024-02-07,0.7528060558659143,2.9871401276333485,-0.20814468885195622,-0.8552313059094814,0.14285714285714285,0.0,0.044080419580419555,0.015625,0.007194244604316547,0.047619047619047616,0.05,0.5701963329547298,0.6193599173452069,0.499973109605249,0.4072069959909034
2024-02-08,3.0,0.012765026475801109,2.0461299196529854,-0.8552313059094814,0.0,0.1111111111111111,0.00034965034965034965,0.08203125,0.0,0.0,0.0,0.5596884634106766,0.5387026149418219,0.45926105195224265,0.46507162450472417
2024-02-19,2.5536930040887027,3.0,-0.20814468885195622,-0.1764763012194168,0.0,0.1111111111111111,0.0,0.08203125,0.02158273381294964,0.023809523809523808,0.0,0.5777381145546,0.5208088361909917,0.45827619124448743,0.4963589899889808
2024-02-20,0.18782191524700032,1.9956817605808326,3.0,-0.1764763012194168,0.0,0.1111111111111111,0.0,0.03515625,0.03597122302158273,0.023809523809523808,0.0,0.503813078046406,0.47722811246955804,0.4197220877702485,0.4684664619135817
2024-02-21,1.3884132140621925,-0.4829641570504567,0.9189926154005146,1.859788712850777,0.14285714285714285,0.1111111111111111,0.0,0.03125,0.02877697841726619,0.023809523809523808,0.0,0.5393152685380497,0.5138963371134782,0.4323269603097773,0.43023234004642114
2024-02-22,0.1525104064583182,-0.11116726940576335,-0.5838571236027799,1.859788712850777,0.2857142857142857,0.2222222222222222,0.0,0.03515625,0.014388489208633094,0.0,0.0,0.5589031315917572,0.5123711593810731,0.43053538775949235,0.4452019787588212
2024-02-23,0.5056254943451395,0.6324265058836234,0.543280180649691,-0.1764763012194168,0.2857142857142857,0.4444444444444444,0.0,0.0546875,0.03597122302158273,0.0,0.0,0.5125231218562388,0.4891835379203464,0.4208145100570076,0.41345978008580875
2024-02-26,0.5762485119225037,0.012765026475801109,0.9189926154005146,1.859788712850777,0.14285714285714285,0.5555555555555556,0.0,0.05859375,0.02877697841726619,0.023809523809523808,0.0,0.41646600681486284,0.4734151681385453,0.4077894750994945,0.41044240733359905
2024-02-27,0.364379459190411,0.8802910976467523,0.1675677458988674,1.1810337081607123,0.2857142857142857,0.4444444444444444,0.00034965034965034965,0.046875,0.02877697841726619,0.047619047619047616,0.05,0.5604802855752069,0.5856436496027159,0.5013176293427988,0.5428715447916911
2024-02-28,-0.8009003308360992,-0.2350995652873278,0.1675677458988674,0.5022787034706477,0.0,0.1111111111111111,0.044080419580419555,0.0078125,0.007194244604316547,0.023809523809523808,0.0,0.35260100600356964,0.3571425057194165,0.3358643917392707,0.34340140201158187
2024-02-29,1.1765441613301,0.012765026475801109,0.1675677458988674,-0.1764763012194168,0.14285714285714285,0.0,0.00034965034965034965,0.05859375,0.0,0.023809523809523808,0.0,0.6024144085672563,0.6293080121030233,0.5317878078950199,0.5007150727967552
2024-03-01,-0.12998166385113882,1.0042233935283167,0.1675677458988674,1.1810337081607123,0.0,0.1111111111111111,0.00034965034965034965,0.02734375,0.007194244604316547,0.0,0.0,0.5021450592244037,0.530220658778382,0.4518191352049048,0.4363819660985159
2024-03-04,0.18782191524700032,0.13669732235736556,0.1675677458988674,-0.1764763012194168,0.2857142857142857,0.0,0.0013986013986013986,0.03515625,0.0,0.0,0.0,0.5029758234625994,0.47704607512730324,0.44009492309347104,0.39743511593557307
2024-03-05,-0.41247373416059585,0.012765026475801109,-0.20814468885195622,-0.1764763012194168,0.14285714285714285,0.1111111111111111,0.001048951048951049,0.015625,0.0,0.023809523809523808,0.0,0.49476553626480607,0.4640427049765074,0.418048160696999,0.33897967317656436
2024-03-06,0.4350024767677752,-0.11116726940576335,-0.20814468885195622,-0.1764763012194168,0.14285714285714285,0.2222222222222222,0.00034965034965034965,0.04296875,0.007194244604316547,0.023809523809523808,0.0,0.45989290929742005,0.46417062310890267,0.41821622566419275,0.45292710946475045
2024-03-07,-0.09467015506245668,-0.2350995652873278,0.9189926154005146,-0.1764763012194168,0.14285714285714285,0.0,0.0017482517482517483,0.03125,0.02158273381294964,0.0,0.0,0.4498847963654064,0.40791124449583044,0.3419785952457782,0.33607249197008415
2024-03-08,0.11719889766963607,0.012765026475801109,-0.5838571236027799,0.5022787034706477,0.0,0.0,0.001048951048951049,0.0234375,0.0,0.0,0.0,0.5165536264806101,0.5293350717079531,0.45279055071528446,0.4324127259512813
2024-03-11,0.5409370031338216,0.8802910976467523,0.1675677458988674,-0.8552313059094814,0.14285714285714285,0.0,0.0,0.0390625,0.0,0.023809523809523808,0.0,0.524445886743469,0.5868047526506113,0.574778826503173,0.46564602724310133
2024-03-12,0.1525104064583182,0.13669732235736556,0.9189926154005146,-0.1764763012194168,0.0,0.0,0.0,0.02734375,0.007194244604316547,0.0,0.0,0.4501573908810644,0.5003862143612704,0.4479805313542003,0.41202963449229835
2024-03-13,-0.05935864627377457,0.012765026475801109,0.1675677458988674,0.5022787034706477,0.0,0.0,0.0,0.01171875,0.0,0.0,0.0,0.45093623235437286,0.4621682123440998,0.40099292782618046,0.37798748036480434
2024-03-14,-0.41247373416059585,-0.4829641570504567,-0.5838571236027799,-0.8552313059094814,0.14285714285714285,0.0,0.0006993006993006993,0.015625,0.0,0.0,0.0,0.46469576504948884,0.44982411256795657,0.39868707647628265,0.4115138442782454
2024-03-15,0.11719889766963607,0.38456191412049445,-0.9595695583536035,-0.1764763012194168,0.0,0.0,0.0,0.0234375,0.007194244604316547,0.07142857142857142,0.0,0.5116793769268213,0.5047403507908785,0.4221018877057115,0.5009424893911331
2024-03-18,0.6115600207111859,0.26062961823893,0.1675677458988674,-0.8552313059094814,0.14285714285714285,0.0,0.0,0.03125,0.007194244604316547,0.023809523809523808,0.0,0.5409962680512737,0.5469188949841333,0.49567736904377757,0.43965723395775214
2024-03-19,0.01126437130358969,0.012765026475801109,-0.5838571236027799,-0.1764763012194168,0.0,0.1111111111111111,0.00034965034965034965,0.0234375,0.0,0.023809523809523808,0.0,0.42999188706798636,0.4468967553073726,0.38624354630525976,0.39343070827374393
2024-03-20,0.22313342403568245,0.6324265058836234,0.543280180649691,-0.1764763012194168,0.14285714285714285,0.1111111111111111,0.0,0.03125,0.0,0.0,0.0,0.5125166315106279,0.48571498856116707,0.42426320318382277,0.4198743347478489
2024-03-21,0.046575880092271815,0.26062961823893,0.1675677458988674,0.5022787034706477,0.0,0.1111111111111111,0.0006993006993006993,0.01953125,0.007194244604316547,0.0,0.0,0.47121856238844717,0.4575680795060392,0.3988047219533183,0.39358778983893283
2024-03-22,-0.20060468142850307,0.012765026475801109,-0.20814468885195622,-0.8552313059094814,0.14285714285714285,0.0,0.003146853146853147,0.02734375,0.014388489208633094,0.0,0.0,0.41530423495051105,0.4157978893508155,0.3707277885339357,0.3757930274541064
2024-03-25,-0.44778524294927796,-0.11116726940576335,0.1675677458988674,-0.8552313059094814,0.0,0.0,0.00944055944055944,0.00390625,0.0,0.0,0.0,0.43036832711341877,0.40169737521832183,0.35593807142088846,0.3664900475933698
2024-03-26,-0.05935864627377457,-0.11116726940576335,0.543280180649691,0.5022787034706477,0.0,0.0,0.0024475524475524478,0.0234375,0.007194244604316547,0.0,0.0,0.4877364919681973,0.4892228973456988,0.43503616758094005,0.3986050219210841
2024-03-27,-0.41247373416059585,-0.2350995652873278,-0.5838571236027799,1.1810337081607123,0.14285714285714285,0.0,0.012237762237762238,0.0078125,0.0,0.0,0.0,0.3945481096868408,0.35704902708420466,0.32580066150371084,0.41540337139239913
2024-03-28,0.4350024767677752,-0.2350995652873278,-0.20814468885195622,-0.8552313059094814,0.14285714285714285,0.1111111111111111,0.0006993006993006993,0.05078125,0.0,0.023809523809523808,0.0,0.5146389745253934,0.5394799635925317,0.452269549316984,0.45105854218929503
2024-03-29,0.2937564416130467,0.13669732235736556,0.1675677458988674,-0.1764763012194168,0.0,0.1111111111111111,0.0013986013986013986,0.0234375,0.0,0.0,0.0,0.5423981827032289,0.5057292563528574,0.44122768097235665,0.4289123859986402
2024-04-01,0.5762485119225037,0.13669732235736556,0.1675677458988674,1.1810337081607123,0.14285714285714285,0.1111111111111111,0.0006993006993006993,0.01953125,0.007194244604316547,0.0,0.0,0.5539185461625831,0.6040786204521414,0.5198686404216414,0.4466368133542776
2024-04-02,-0.16529317263982093,0.13669732235736556,0.1675677458988674,0.5022787034706477,0.2857142857142857,0.2222222222222222,0.0013986013986013986,0.01953125,0.007194244604316547,0.0,0.0,0.47153658932338144,0.4445597894270744,0.39932572335161876,0.4024312475089677
2024-04-03,-0.30653920779454946,0.26062961823893,-0.5838571236027799,0.5022787034706477,0.2857142857142857,0.1111111111111111,0.003146853146853147,0.015625,0.0,0.0,0.0,0.4646827843582671,0.4535730978327717,0.3839141658599548,0.39851358638313833
2024-04-08,0.2584449328243646,-0.35903186116889224,0.1675677458988674,-0.8552313059094814,0.2857142857142857,0.0,0.00944055944055944,0.0078125,0.0,0.0,0.0,0.4296024663313321,0.39782047182111147,0.3592623964719802,0.32144280589876445
2024-04-09,0.22313342403568245,-0.4829641570504567,-0.9595695583536035,-0.1764763012194168,0.0,0.1111111111111111,0.0038461538461538464,0.03125,0.0,0.023809523809523808,0.0,0.47979879928606195,0.5036973260190402,0.4583837528234915,0.47117670503833253
2024-04-10,-0.6596542956813707,-0.4829641570504567,-0.5838571236027799,-0.8552313059094814,0.14285714285714285,0.1111111111111111,0.006293706293706294,0.01171875,0.0,0.023809523809523808,0.0,0.431497647249716,0.3965855698506802,0.350973432289986,0.45891262044873743
2024-04-11,-0.16529317263982093,-0.35903186116889224,-0.5838571236027799,-0.1764763012194168,0.0,0.1111111111111111,0.004195804195804196,0.01953125,0.0,0.0,0.0,0.49145546000324514,0.47670660008363885,0.40544328815747016,0.3901062058940754
2024-04-12,0.08188738888095394,-0.11116726940576335,-0.20814468885195622,-0.8552313059094814,0.0,0.1111111111111111,0.0034965034965034965,0.0234375,0.007194244604316547,0.023809523809523808,0.0,0.44503650819406126,0.4368502619861751,0.3839679466494568,0.3875249103228378
2024-04-15,-0.6243427868926886,-0.6068964529320212,-0.9595695583536035,-0.1764763012194168,0.0,0.0,0.044080419580419555,0.01171875,0.0,0.0,0.0,0.558111309427227,0.5506432806081032,0.4824338496289125,0.3893864440953743
2024-04-16,-0.8715233484134635,-0.6068964529320212,-0.20814468885195622,-0.8552313059094814,0.0,0.0,0.044080419580419555,0.01171875,0.0,0.0,0.0,0.3698393639461301,0.3625199872081868,0.3540792728837259,0.3300893254870701
2024-04-17,3.0,-0.4829641570504567,-0.20814468885195622,0.5022787034706477,0.0,0.0,0.00034965034965034965,0.08203125,0.014388489208633094,0.047619047619047616,0.0,0.615447022553951,0.5970529630267399,0.49106230504463805,0.5204299814784423
2024-04-18,-0.2359161902171852,1.1281556894098812,-0.5838571236027799,-0.1764763012194168,0.2857142857142857,0.0,0.0006993006993006993,0.03125,0.007194244604316547,0.0,0.0,0.48264806100924873,0.4726181397751594,0.4018265300634613,0.4203948139638478
2024-04-19,-0.09467015506245668,-0.7308287488135856,0.543280180649691,-0.8552313059094814,0.0,0.2222222222222222,0.0024475524475524478,0.046875,0.007194244604316547,0.0,0.0,0.4577121531721564,0.4241470074536912,0.3609833817360439,0.3749302510960542
2024-04-22,-0.024047137485092435,-0.6068964529320212,-0.9595695583536035,0.5022787034706477,0.0,0.0,0.007692307692307693,0.03125,0.007194244604316547,0.0,0.0,0.43288009086483853,0.4538436938820694,0.40959785414649885,0.42105830773919767
2024-04-23,-0.27122769900586735,-0.2350995652873278,-0.9595695583536035,-0.8552313059094814,0.14285714285714285,0.0,0.005244755244755245,0.03515625,0.007194244604316547,0.0,0.0,0.42842122343014766,0.4454010971439818,0.42537579326664515,0.45015356481372937
2024-04-24,-0.41247373416059585,-0.6068964529320212,-0.9595695583536035,-0.8552313059094814,0.0,0.1111111111111111,0.001048951048951049,0.05078125,0.007194244604316547,0.0,0.0,0.5257050137919844,0.5116479299402229,0.44368142949338496,0.45094131714064656
2024-04-25,-0.41247373416059585,-0.4829641570504567,-0.5838571236027799,-0.8552313059094814,0.0,0.1111111111111111,0.0017482517482517483,0.01953125,0.0,0.0,0.0,0.49385688787927956,0.4823202381245234,0.41889520813165537,0.40068224978313366
2024-04-26,0.5056254943451395,-0.6068964529320212,-0.5838571236027799,-0.8552313059094814,0.0,0.0,0.00034965034965034965,0.03125,0.0,0.047619047619047616,0.0,0.5526074963491806,0.5811271555435291,0.5326012423362375,0.44274963074109674
2024-04-29,1.4237247228508747,0.38456191412049445,-0.5838571236027799,-0.8552313059094814,0.0,0.0,0.001048951048951049,0.0546875,0.0,0.0,0.0,0.5279247119909135,0.5843152689970726,0.5378381467139937,0.4395048413945091
2024-04-30,-0.12998166385113882,0.26062961823893,0.1675677458988674,-0.8552313059094814,0.0,0.0,0.0048951048951048955,0.01171875,0.007194244604316547,0.023809523809523808,0.0,0.45950348856076584,0.4311579050945857,0.36823706572012477,0.41799638946850165
2024-05-06,0.929363599809325,0.13669732235736556,-0.5838571236027799,-0.1764763012194168,0.0,0.0,0.0006993006993006993,0.03515625,0.014388489208633094,0.0,0.0,0.5516728865812104,0.5737964625716465,0.486783370979886,0.4542447190115584
2024-05-07,-0.2359161902171852,-0.11116726940576335,0.1675677458988674,-0.8552313059094814,0.14285714285714285,0.0,0.0,0.03515625,0.014388489208633094,0.0,0.0,0.49113743306831087,0.4710585225455709,0.4154633215015596,0.41047054134527466
2024-05-08,-0.44778524294927796,-0.35903186116889224,-0.20814468885195622,0.5022787034706477,0.0,0.1111111111111111,0.00034965034965034965,0.0234375,0.0,0.023809523809523808,0.0,0.4369300665260425,0.4086935130747092,0.37147735828761963,0.4030267507561016
2024-05-09,-0.3771622253719137,-0.35903186116889224,-0.20814468885195622,-0.1764763012194168,0.14285714285714285,0.1111111111111111,0.0006993006993006993,0.0390625,0.014388489208633094,0.0,0.0,0.5302482557196171,0.5514009495461366,0.4830960255996558,0.43011980399971866
2024-05-10,-0.4830967517379601,-0.6068964529320212,-0.9595695583536035,-0.1764763012194168,0.14285714285714285,0.0,0.002097902097902098,0.015625,0.007194244604316547,0.0,0.0,0.4771053058575369,0.4466556788270892,0.38155117242121117,0.3816449018826342
2024-05-13,-0.8009003308360992,0.012765026475801109,-0.20814468885195622,-0.8552313059094814,0.0,0.0,0.004195804195804196,0.01171875,0.0,0.0,0.0,0.4632094759045919,0.4459373693144081,0.38834099709583736,0.3775842261974539
2024-05-14,-0.2359161902171852,-0.7308287488135856,0.1675677458988674,-0.1764763012194168,0.0,0.0,0.0024475524475524478,0.01953125,0.0,0.0,0.0,0.47200389420736655,0.47288381589628803,0.41158102075938474,0.4380512507912691
2024-05-15,-0.6243427868926886,-0.4829641570504567,-0.9595695583536035,-0.1764763012194168,0.0,0.0,0.0013986013986013986,0.0078125,0.0,0.0,0.0,0.42326139866947915,0.4318762146072668,0.3899275303861461,0.40470306895177366
2024-05-16,-0.41247373416059585,-0.35903186116889224,-0.9595695583536035,-0.8552313059094814,0.14285714285714285,0.0,0.0,0.0234375,0.0,0.0,0.0,0.48183676780788576,0.48579370741187183,0.42992699257825107,0.40725623051133564
2024-05-17,0.2937564416130467,0.508494210002059,-0.20814468885195622,-0.8552313059094814,0.0,0.1111111111111111,0.00034965034965034965,0.04296875,0.007194244604316547,0.0,0.0,0.5423787116663962,0.5291579542938674,0.4579736743035388,0.4321313858345251
2024-05-20,-0.3771622253719137,-0.11116726940576335,-0.20814468885195622,-0.8552313059094814,0.0,0.0,0.002797202797202797,0.015625,0.007194244604316547,0.0,0.0,0.5118675969495375,0.4961993554894099,0.4400008067118425,0.4186129932243922
2024-05-21,-0.8715233484134635,-0.4829641570504567,-0.20814468885195622,-0.8552313059094814,0.0,0.0,0.002097902097902098,0.0078125,0.0,0.0,0.0,0.4496641246146357,0.4403237312735234,0.39431066473055826,0.3931446791550418
2024-05-22,-0.44778524294927796,-0.6068964529320212,-0.20814468885195622,-0.1764763012194168,0.0,0.0,0.001048951048951049,0.03125,0.007194244604316547,0.0,0.0,0.47781924387473634,0.48101153723155643,0.44988974938152093,0.4506505990199986
2024-05-23,-1.012769383568192,-0.2350995652873278,-0.20814468885195622,-0.1764763012194168,0.0,0.0,0.0006993006993006993,0.02734375,0.007194244604316547,0.047619047619047616,0.0,0.39001784845042997,0.39836658384787593,0.37391093901258465,0.4602067849858158
2024-05-24,-0.4830967517379601,-0.6068964529320212,-0.9595695583536035,-0.1764763012194168,0.14285714285714285,0.0,0.002097902097902098,0.03125,0.007194244604316547,0.023809523809523808,0.0,0.4193282492292714,0.4148581830705272,0.3593867645477036,0.36380793848029447
2024-05-27,-0.44778524294927796,-0.2350995652873278,-0.9595695583536035,-0.8552313059094814,0.0,0.0,0.004195804195804196,0.03515625,0.007194244604316547,0.0,0.0,0.5505435664449132,0.5186391478684412,0.4431066473055824,0.4315827726068507
2024-05-28,-0.8009003308360992,-0.4829641570504567,0.1675677458988674,-0.8552313059094814,0.0,0.0,0.0017482517482517483,0.0234375,0.014388489208633094,0.0,0.0,0.4465747201038455,0.41483850335785105,0.37484538023018177,0.41694136403066606
2024-05-29,-0.6243427868926886,-0.6068964529320212,-0.5838571236027799,-0.1764763012194168,0.0,0.0,0.0017482517482517483,0.015625,0.007194244604316547,0.0,0.0,0.47965601168262206,0.4877567587513223,0.42915389372915996,0.4095843199774928
2024-05-30,-0.6949658044700529,-0.35903186116889224,-0.5838571236027799,-0.8552313059094814,0.0,0.0,0.004195804195804196,0.0234375,0.0,0.0,0.0,0.43628752231056306,0.45940813264126346,0.424068247821878,0.38762337936370245
2024-05-31,-0.8362118396247814,-0.2350995652873278,-0.9595695583536035,-0.1764763012194168,0.0,0.0,0.001048951048951049,0.03125,0.007194244604316547,0.0,0.0,0.4664286873276002,0.4645543775060885,0.4052819457889642,0.4207160105971444
2024-06-03,-0.9774578747795098,-0.7308287488135856,-0.20814468885195622,-0.8552313059094814,0.0,0.0,0.007692307692307693,0.015625,0.007194244604316547,0.0,0.0,0.4591335388609443,0.478438414799144,0.44691163816284823,0.37154713619206153
2024-06-04,-0.6243427868926886,-0.6068964529320212,-0.9595695583536035,-0.1764763012194168,0.0,0.0,0.006293706293706294,0.0234375,0.014388489208633094,0.0,0.0,0.5034366380009735,0.5271063442473741,0.46478702807357214,0.42381544088340795
2024-06-05,-0.9421463659908278,-0.6068964529320212,-0.5838571236027799,-0.8552313059094814,0.0,0.0,0.0017482517482517483,0.015625,0.0,0.0,0.0,0.4224760668505598,0.4358859560650415,0.40188703345165105,0.39067357512953366
2024-06-06,-0.8715233484134635,-0.6068964529320212,-0.9595695583536035,-0.1764763012194168,0.0,0.0,0.01888111888111888,0.01953125,0.007194244604316547,0.0,0.0,0.4414733084536751,0.44714767164399405,0.39617954716575243,0.35833587320938737
2024-06-07,-0.16529317263982093,-0.6068964529320212,-0.20814468885195622,-0.8552313059094814,0.14285714285714285,0.0,0.0017482517482517483,0.0234375,0.0,0.0,0.0,0.4819276326464384,0.4307987503382451,0.3474877648703883,0.4426675732070429
2024-06-11,-0.8009003308360992,-0.6068964529320212,-0.9595695583536035,-0.1764763012194168,0.0,0.1111111111111111,0.0024475524475524478,0.0234375,0.007194244604316547,0.0,0.0,0.4272205094921304,0.4787631300583012,0.43195721738195114,0.43998311959299463
2024-06-12,-0.20060468142850307,-0.35903186116889224,-0.5838571236027799,-0.8552313059094814,0.0,0.1111111111111111,0.0006993006993006993,0.0234375,0.0,0.0,0.0,0.49683595651468443,0.479250202947037,0.4053693395719049,0.4279417625958315
2024-06-13,-0.5890312781040065,-0.35903186116889224,-0.5838571236027799,-0.1764763012194168,0.0,0.0,0.00034965034965034965,0.05859375,0.007194244604316547,0.0,0.0,0.4583741684244686,0.4414110353988832,0.41712380337743354,0.41466954258786015
2024-06-14,-0.9774578747795098,-0.11116726940576335,-0.9595695583536035,-0.8552313059094814,0.0,0.0,0.0006993006993006993,0.01953125,0.007194244604316547,0.0,0.0,0.48459516469251984,0.49981058276549173,0.4458561901688717,0.43677349776100155
2024-06-17,-0.8009003308360992,-0.7308287488135856,-0.20814468885195622,-0.8552313059094814,0.0,0.0,0.0006993006993006993,0.01171875,0.0,0.0,0.0,0.440804802855752,0.4906447565865539,0.4480242282456706,0.39473659531568706
2024-06-18,-0.5537197693153243,-0.6068964529320212,-0.5838571236027799,-0.8552313059094814,0.0,0.0,0.0,0.046875,0.007194244604316547,0.0,0.0,0.5075320460814539,0.49494969373447156,0.4298194309992471,0.4137434647035379
2024-06-19,-0.730277313258735,-0.7308287488135856,-0.20814468885195622,-0.1764763012194168,0.0,0.0,0.0,0.04296875,0.007194244604316547,0.023809523809523808,0.0,0.4505143598896641,0.42273990799734334,0.37775962676132085,0.4360256019506248
2024-06-20,-0.9068348572021456,-0.4829641570504567,-0.9595695583536035,-0.1764763012194168,0.0,0.0,0.001048951048951049,0.03515625,0.014388489208633094,0.023809523809523808,0.05,0.4495148466655849,0.39505547219010606,0.37171601054103476,0.35936042013457437
2024-06-21,-0.7655888220474171,-0.35903186116889224,-0.5838571236027799,-0.8552313059094814,0.14285714285714285,0.0,0.002797202797202797,0.03515625,0.0,0.023809523809523808,0.0,0.46087295148466656,0.4730461735258666,0.4071810799182532,0.4554990270320962
2024-06-24,-0.9068348572021456,-0.4829641570504567,-0.20814468885195622,-0.8552313059094814,0.0,0.0,0.005594405594405594,0.015625,0.007194244604316547,0.0,0.0,0.4007853318189193,0.3988733364492879,0.3735613638808218,0.3334208613696575
2024-06-25,0.01126437130358969,-0.6068964529320212,-0.9595695583536035,-0.1764763012194168,0.0,0.0,0.003146853146853147,0.03515625,0.007194244604316547,0.023809523809523808,0.0,0.4479376926821353,0.4344886964650317,0.35906744111003547,0.4279112840831829
2024-06-26,-0.44778524294927796,-0.35903186116889224,-0.5838571236027799,-0.8552313059094814,0.14285714285714285,0.0,0.0,0.0546875,0.02158273381294964,0.0,0.0,0.526204770404024,0.5513861897616296,0.4807330321609121,0.46204721824959555
2024-06-27,-0.8715233484134635,-0.4829641570504567,-0.20814468885195622,-0.1764763012194168,0.0,0.0,0.0013986013986013986,0.02734375,0.02158273381294964,0.0,0.0,0.4184001298069122,0.39989176158028095,0.36689926858126276,0.3831430380043607
2024-06-28,-0.5537197693153243,-0.7308287488135856,-0.20814468885195622,-0.8552313059094814,0.0,0.0,0.002097902097902098,0.0234375,0.007194244604316547,0.023809523809523808,0.0,0.5241213694629239,0.47466482989348363,0.3811780681940411,0.42931798466696364
2024-07-01,-0.44778524294927796,-0.7308287488135856,-0.9595695583536035,0.5022787034706477,0.0,0.0,0.0024475524475524478,0.0234375,0.014388489208633094,0.0,0.0,0.5364075937043647,0.503279132124671,0.41872042056577385,0.42296673153119363
2024-07-02,-0.5184082605266422,-0.11116726940576335,-0.5838571236027799,-0.8552313059094814,0.14285714285714285,0.0,0.0006993006993006993,0.01953125,0.007194244604316547,0.0,0.0,0.4815836443290605,0.4274039999016015,0.384925916962461,0.41137551872084027
2024-07-03,-0.730277313258735,0.012765026475801109,-0.5838571236027799,-0.1764763012194168,0.0,0.0,0.0017482517482517483,0.015625,0.0,0.0,0.0,0.4449456433555087,0.4460554475904652,0.41028355921264925,0.37451058542189297
2024-07-04,-1.012769383568192,-0.7308287488135856,-0.9595695583536035,-0.8552313059094814,0.0,0.0,0.0013986013986013986,0.015625,0.0,0.0,0.0,0.42265130618205415,0.42658237189737036,0.39406865117779927,0.42899678803366703
2024-07-05,-0.5890312781040065,-0.6068964529320212,-0.9595695583536035,-0.8552313059094814,0.0,0.0,0.001048951048951049,0.03515625,0.0,0.0,0.0,0.45988641895180915,0.4875402819118842,0.437284876841992,0.40982814807868145
2024-07-08,-0.9421463659908278,-0.4829641570504567,-0.5838571236027799,-0.8552313059094814,0.0,0.0,0.0013986013986013986,0.01953125,0.0,0.0,0.0,0.4161674509167613,0.3996310053873214,0.36571272991287507,0.3364429231238131
2024-07-09,-0.16529317263982093,-0.4829641570504567,-0.9595695583536035,-0.1764763012194168,0.0,0.0,0.0013986013986013986,0.04296875,0.007194244604316547,0.023809523809523808,0.0,0.5586370274217102,0.5579641337236477,0.468400424868237,0.4523198837127517
2024-07-10,-0.27122769900586735,-0.4829641570504567,-0.20814468885195622,-0.8552313059094814,0.0,0.0,0.005944055944055944,0.015625,0.007194244604316547,0.0,0.0,0.43275677429823134,0.4702860938230302,0.41814563837797136,0.4160809321735869
2024-07-11,0.7881175646545965,-0.11116726940576335,-0.20814468885195622,-0.1764763012194168,0.0,0.0,0.0,0.015625,0.007194244604316547,0.023809523809523808,0.0,0.5451435988966412,0.5731667117660083,0.4894287135635151,0.4744965184160551
2024-07-12,-0.6949658044700529,-0.35903186116889224,-0.5838571236027799,0.5022787034706477,0.0,0.0,0.001048951048951049,0.01953125,0.007194244604316547,0.0,0.0,0.47862404673048836,0.4661927135863817,0.4172246423577498,0.4279347290929126
2024-07-15,-0.6949658044700529,-0.4829641570504567,-0.9595695583536035,-0.8552313059094814,0.2857142857142857,0.0,0.002097902097902098,0.015625,0.0,0.0,0.0,0.4825701768619179,0.44607020737497244,0.39898959341723134,0.4120343234942443
2024-07-16,-0.6243427868926886,-0.7308287488135856,-0.5838571236027799,-0.8552313059094814,0.0,0.1111111111111111,0.00034965034965034965,0.01171875,0.007194244604316547,0.09523809523809523,0.0,0.4816420574395586,0.5173648864726575,0.46706598902871893,0.4836799287271704
2024-07-17,-0.8362118396247814,-0.11116726940576335,-0.9595695583536035,-0.8552313059094814,0.0,0.1111111111111111,0.0013986013986013986,0.0078125,0.0,0.14285714285714285,0.15,0.4473081291578776,0.45201348060318325,0.4204245993331182,0.5895177361498605
2024-07-18,-0.3771622253719137,-0.7308287488135856,-0.20814468885195622,-0.8552313059094814,0.0,0.0,0.0006993006993006993,0.01953125,0.0,0.023809523809523808,0.0,0.5079149764724971,0.49982534254999883,0.46231647305582446,0.32624668839237564
2024-07-19,-0.5890312781040065,-0.11116726940576335,-0.9595695583536035,-0.8552313059094814,0.0,0.0,0.0006993006993006993,0.03515625,0.014388489208633094,0.0,0.0,0.4879182216453026,0.4884652284076653,0.4354159944067979,0.40668651677490447
2024-07-22,-0.41247373416059585,-0.35903186116889224,-0.5838571236027799,-0.8552313059094814,0.0,0.0,0.0017482517482517483,0.02734375,0.007194244604316547,0.0,0.0,0.43726107415219856,0.45675629135814627,0.4171305259761213,0.4215670644503317
2024-07-23,-0.5184082605266422,0.012765026475801109,-0.5838571236027799,-0.8552313059094814,0.0,0.0,0.0013986013986013986,0.03125,0.014388489208633094,0.0,0.0,0.3696835956514684,0.32920715357555785,0.3178881628482306,0.3784563805593979
2024-07-24,-0.9068348572021456,0.012765026475801109,0.1675677458988674,-0.8552313059094814,0.0,0.0,0.005244755244755245,0.0234375,0.007194244604316547,0.0,0.0,0.4467694304721726,0.4103466089395095,0.37889910723889425,0.36298267413780977
2024-07-25,-0.3771622253719137,-0.7308287488135856,-0.20814468885195622,0.5022787034706477,0.0,0.0,0.001048951048951049,0.0234375,0.014388489208633094,0.023809523809523808,0.0,0.4426220996268051,0.4645691372905956,0.40705671184252984,0.4322181323705249
2024-07-26,-0.05935864627377457,0.26062961823893,-0.9595695583536035,-0.8552313059094814,0.2857142857142857,0.0,0.0013986013986013986,0.04296875,0.007194244604316547,0.0,0.0,0.48598409865325326,0.5463186637475094,0.4510191459610627,0.4348674184699787
2024-07-29,-0.20060468142850307,0.012765026475801109,1.6704174849021616,-0.8552313059094814,0.0,0.2222222222222222,0.0,0.046875,0.02158273381294964,0.0,0.0,0.47876683433392825,0.4279943912818874,0.371870630310853,0.3983518158160036
2024-07-30,-0.16529317263982093,0.38456191412049445,0.1675677458988674,1.859788712850777,0.0,0.2222222222222222,0.00034965034965034965,0.01953125,0.014388489208633094,0.023809523809523808,0.0,0.44848288171345124,0.4486039703820325,0.4104885984726256,0.4403816847583992
2024-07-31,0.8587405822319607,0.012765026475801109,-0.20814468885195622,0.5022787034706477,0.14285714285714285,0.1111111111111111,0.00034965034965034965,0.01953125,0.007194244604316547,0.023809523809523808,0.0,0.6106441668018822,0.6410912400678951,0.5380633537700333,0.4787166201673974
2024-08-01,-0.20060468142850307,0.26062961823893,0.1675677458988674,0.5022787034706477,0.2857142857142857,0.2222222222222222,0.0006993006993006993,0.01953125,0.0,0.0,0.0,0.46258640272594514,0.4299722024058449,0.37605544799397655,0.41484069115888683
2024-08-02,-0.3771622253719137,-0.35903186116889224,0.1675677458988674,-0.1764763012194168,0.2857142857142857,0.2222222222222222,0.002097902097902098,0.01953125,0.0,0.0,0.0,0.41677105305857537,0.4071388157732898,0.36437157147466925,0.37973413358966546
2024-08-05,-0.41247373416059585,-0.11116726940576335,0.1675677458988674,0.5022787034706477,0.14285714285714285,0.1111111111111111,0.008041958041958041,0.015625,0.007194244604316547,0.0,0.0,0.3769138406620152,0.3840545128041131,0.3565599117995052,0.34967059761329805
2024-08-06,-0.20060468142850307,0.26062961823893,-0.20814468885195622,0.5022787034706477,0.0,0.1111111111111111,0.006293706293706294,0.015625,0.0,0.0,0.0,0.4915787765698523,0.5155445130501095,0.46216185328600623,0.4560898412772841
2024-08-07,-0.2359161902171852,-0.2350995652873278,-0.20814468885195622,-0.1764763012194168,0.14285714285714285,0.0,0.0038461538461538464,0.01953125,0.007194244604316547,0.0,0.0,0.48240791822164525,0.466920862955401,0.405688663009573,0.417384474714557
2024-08-08,-0.44778524294927796,-0.6068964529320212,-0.20814468885195622,-0.1764763012194168,0.14285714285714285,0.0,0.004545454545454545,0.0234375,0.007194244604316547,0.023809523809523808,0.0,0.4767937692682135,0.4732577304371357,0.40189375605033884,0.41030173727522096
2024-08-09,-0.6243427868926886,-0.4829641570504567,-0.9595695583536035,-0.1764763012194168,0.0,0.0,0.0038461538461538464,0.01953125,0.007194244604316547,0.0,0.0,0.45920493266266427,0.44463358834961014,0.3871006776379477,0.4240100344641643
2024-08-12,-0.6596542956813707,-0.4829641570504567,-0.5838571236027799,-0.8552313059094814,0.0,0.0,0.0048951048951048955,0.01953125,0.0,0.0,0.0,0.4675904591919519,0.4633637548891787,0.41335578681295043,0.40814948538203644
2024-08-13,-0.4830967517379601,-0.6068964529320212,-0.5838571236027799,-0.1764763012194168,0.0,0.0,0.0017482517482517483,0.02734375,0.0,0.0,0.0,0.4987570988155119,0.4962288750584242,0.45141914058298377,0.43305043021592854
2024-08-14,-0.8009003308360992,0.13669732235736556,-0.9595695583536035,-0.1764763012194168,0.0,0.0,0.0006993006993006993,0.0234375,0.014388489208633094,0.0,0.0,0.43750770728541294,0.41775110083392786,0.37239163170915346,0.3966028180901695
2024-08-15,-0.4830967517379601,-0.2350995652873278,0.1675677458988674,-0.8552313059094814,0.0,0.0,0.00034965034965034965,0.0390625,0.014388489208633094,0.0,0.0,0.5374395586564984,0.5102211507711988,0.437980665806174,0.41169202635219093
2024-08-16,-0.730277313258735,-0.35903186116889224,-0.5838571236027799,-0.1764763012194168,0.0,0.0,0.0024475524475524478,0.0390625,0.02877697841726619,0.0,0.0,0.48131104981340256,0.46331455560748824,0.41756077229213723,0.4076829296884158
2024-08-19,-0.5537197693153243,-0.6068964529320212,0.1675677458988674,-0.8552313059094814,0.0,0.0,0.0024475524475524478,0.03515625,0.007194244604316547,0.0,0.0,0.5087457407106928,0.4793633612949251,0.41560449607400235,0.39579396525449556
2024-08-20,-0.8009003308360992,-0.7308287488135856,-0.9595695583536035,-0.1764763012194168,0.0,0.0,0.002797202797202797,0.0234375,0.007194244604316547,0.023809523809523808,0.0,0.416050624695765,0.41397751592826754,0.375107561579004,0.4263897029517267
2024-08-21,-0.6596542956813707,-0.11116726940576335,-0.9595695583536035,-0.8552313059094814,0.14285714285714285,0.0,0.001048951048951049,0.02734375,0.0,0.0,0.0,0.45382443615122503,0.46144006297508067,0.39992403463482845,0.415708156518885
2024-08-22,-0.6596542956813707,-0.7308287488135856,-0.5838571236027799,-0.8552313059094814,0.0,0.1111111111111111,0.0034965034965034965,0.01171875,0.007194244604316547,0.0,0.0,0.45888690572772994,0.43482325158052704,0.3945728460793804,0.3656178932314257
2024-08-23,-0.2359161902171852,-0.6068964529320212,-0.9595695583536035,-0.8552313059094814,0.0,0.1111111111111111,0.002797202797202797,0.0234375,0.0,0.023809523809523808,0.0,0.48938503975336684,0.487122088017515,0.42078761966225664,0.4043021592853961
2024-08-26,-0.3771622253719137,-0.2350995652873278,-0.5838571236027799,-0.8552313059094814,0.0,0.1111111111111111,0.0034965034965034965,0.0234375,0.007194244604316547,0.0,0.0,0.47926010060035695,0.48287619000762594,0.41673389265354416,0.4323072234074977
2024-08-27,-0.7655888220474171,-0.2350995652873278,-0.5838571236027799,-0.8552313059094814,0.0,0.1111111111111111,0.0024475524475524478,0.0234375,0.007194244604316547,0.023809523809523808,0.0,0.4612039591108226,0.42065385845366665,0.3885157846617188,0.3765081002508616
2024-08-28,-0.3771622253719137,-0.7308287488135856,-0.20814468885195622,-0.1764763012194168,0.0,0.1111111111111111,0.0013986013986013986,0.01953125,0.0,0.0,0.0,0.4508907999350965,0.4600772428722541,0.4217455899752608,0.42610132933205164
2024-08-29,-0.16529317263982093,-0.11116726940576335,-0.9595695583536035,-0.1764763012194168,0.14285714285714285,0.0,0.0006993006993006993,0.01953125,0.007194244604316547,0.0,0.0,0.44387473632970953,0.5212713094388822,0.4420343928148865,0.43100602536750054
2024-08-30,-0.05935864627377457,0.012765026475801109,0.543280180649691,-0.8552313059094814,0.14285714285714285,0.0,0.0,0.04296875,0.0,0.023809523809523808,0.0,0.5205711504137595,0.5922904725591007,0.5053747176508552,0.4603005650247345
2024-09-02,-0.6243427868926886,-0.6068964529320212,-0.9595695583536035,-0.1764763012194168,0.0,0.1111111111111111,0.002097902097902098,0.01171875,0.0,0.0,0.0,0.40543890962193735,0.3713414184152912,0.3276594600408734,0.35634539188333764
2024-09-03,-0.3418507165832316,-0.35903186116889224,-0.20814468885195622,-0.8552313059094814,0.0,0.1111111111111111,0.001048951048951049,0.015625,0.007194244604316547,0.0,0.0,0.4580366704527016,0.5329216993431897,0.4625584866085834,0.43863034253159217
2024-09-04,-0.6596542956813707,0.13669732235736556,-0.20814468885195622,-0.1764763012194168,0.0,0.1111111111111111,0.00034965034965034965,0.015625,0.014388489208633094,0.0,0.0,0.4333344150576018,0.4503407050257067,0.4165658276863504,0.389630272196563
2024-09-05,-0.30653920779454946,-0.35903186116889224,0.1675677458988674,-0.1764763012194168,0.14285714285714285,0.1111111111111111,0.0,0.03125,0.007194244604316547,0.0,0.0,0.4860425117637514,0.48922781727386794,0.4419974185221039,0.4141303073640775
2024-09-06,-0.730277313258735,-0.11116726940576335,-0.9595695583536035,0.5022787034706477,0.14285714285714285,0.2222222222222222,0.0006993006993006993,0.0078125,0.0,0.0,0.0,0.4242479312023365,0.4043196969324248,0.3629463805528665,0.3769816894474011
2024-09-09,-0.2359161902171852,-0.11116726940576335,-0.20814468885195622,-0.8552313059094814,0.2857142857142857,0.0,0.002797202797202797,0.01953125,0.0,0.0,0.0,0.4078338471523608,0.4343755381171436,0.42230692696568783,0.39049070405364217
2024-09-10,-0.41247373416059585,-0.35903186116889224,0.1675677458988674,-0.1764763012194168,0.0,0.0,0.0048951048951048955,0.01171875,0.014388489208633094,0.0,0.0,0.49490832386824596,0.48166588767804,0.42225314617618587,0.41368016317726775
2024-09-11,-0.7655888220474171,-0.35903186116889224,-0.5838571236027799,-0.1764763012194168,0.0,0.0,0.004195804195804196,0.0078125,0.007194244604316547,0.0,0.0,0.42366380009735516,0.4944478610612286,0.46024255136065395,0.42135840386373763
2024-09-12,-0.4830967517379601,-0.7308287488135856,-0.9595695583536035,-0.1764763012194168,0.14285714285714285,0.0,0.0013986013986013986,0.01171875,0.007194244604316547,0.0,0.0,0.46549407755963,0.4441760350298886,0.40614579972033993,0.3966332966028181
2024-09-13,-0.3771622253719137,-0.4829641570504567,-0.5838571236027799,-0.8552313059094814,0.14285714285714285,0.1111111111111111,0.0017482517482517483,0.01171875,0.007194244604316547,0.023809523809523808,0.0,0.4455038130780464,0.4320385722368454,0.3841427342153383,0.4346540688814386
2024-09-18,-0.7655888220474171,-0.35903186116889224,-0.9595695583536035,-0.8552313059094814,0.0,0.0,0.003146853146853147,0.0078125,0.0,0.0,0.0,0.5082979068635405,0.4805835034808493,0.4164817952027536,0.3993271282207582
2024-09-19,0.11719889766963607,-0.4829641570504567,0.1675677458988674,-0.8552313059094814,0.0,0.0,0.00034965034965034965,0.03125,0.0,0.0,0.0,0.5214019146519552,0.5339204447615066,0.4486931268151016,0.4497831336600005
2024-09-20,-0.2359161902171852,-0.11116726940576335,-0.5838571236027799,0.5022787034706477,0.0,0.0,0.00034965034965034965,0.01171875,0.007194244604316547,0.0,0.0,0.478513710855103,0.46763917246808206,0.3987341346670969,0.41365437366656505
2024-09-23,-0.12998166385113882,-0.2350995652873278,0.1675677458988674,-0.1764763012194168,0.14285714285714285,0.0,0.001048951048951049,0.01171875,0.0,0.0,0.0,0.5053447996105792,0.48023910850901586,0.40686847907927287,0.3934658757883384
2024-09-24,0.9999866173866893,-0.11116726940576335,-0.5838571236027799,0.5022787034706477,0.0,0.1111111111111111,0.001048951048951049,0.03125,0.0,0.023809523809523808,0.0,0.6432970955703391,0.660664583897075,0.5801575104872536,0.49646449253276437
2024-09-25,-0.5184082605266422,0.7563588017651879,0.1675677458988674,-0.8552313059094814,0.14285714285714285,0.0,0.0006993006993006993,0.015625,0.014388489208633094,0.0,0.0,0.5518546162583158,0.5347273129812306,0.4747566419275035,0.4490235153447589
2024-09-26,2.624316021666067,-0.35903186116889224,1.6704174849021616,1.1810337081607123,0.0,0.1111111111111111,0.00034965034965034965,0.03515625,0.014388489208633094,0.023809523809523808,0.0,0.6432970955703391,0.660664583897075,0.5688595783586103,0.4903195554826155
2024-09-27,0.6821830382885501,3.0,0.1675677458988674,2.5385437175408416,0.42857142857142855,0.0,0.0,0.08203125,0.02158273381294964,0.047619047619047616,0.05,0.6432970955703391,0.660664583897075,0.5801575104872536,0.6553819895435251
2024-09-30,3.0,3.0,3.0,1.1810337081607123,0.5714285714285714,0.3333333333333333,0.0,0.08203125,0.03597122302158273,0.23857142857142813,0.1,0.6432970955703391,0.660664583897075,0.5801575104872536,0.6553819895435251
2024-10-08,2.5536930040887027,3.0,3.0,3.0,0.2857142857142857,0.5566666666666656,0.0,0.08203125,0.03597122302158273,0.23857142857142813,0.2,0.6432970955703391,0.660664583897075,0.5801575104872536,0.6553819895435251
2024-10-09,-1.012769383568192,-0.35903186116889224,2.7975547891546326,0.5022787034706477,0.0,0.4444444444444444,0.044080419580419555,0.01171875,0.03597122302158273,0.0,0.1,0.04717183190004867,0.07405967872869057,0.06409661718834034,0.1367641197571097
2024-10-10,0.3996909679790931,-0.4829641570504567,-0.9595695583536035,-0.8552313059094814,0.0,0.1111111111111111,0.011538461538461539,0.05078125,0.014388489208633094,0.023809523809523808,0.0,0.5624144085672562,0.4348035718678508,0.3211486232117887,0.4134527465828898
2024-10-11,-0.5537197693153243,-0.2350995652873278,-0.9595695583536035,-0.8552313059094814,0.0,0.0,0.01048951048951049,0.01953125,0.0,0.023809523809523808,0.0,0.31115365893233815,0.2824186366879044,0.25001680649671937,0.2231988371275174
2024-10-14,1.0706096349640535,-0.35903186116889224,-0.9595695583536035,-0.8552313059094814,0.0,0.0,0.0006993006993006993,0.08203125,0.007194244604316547,0.07142857142857142,0.0,0.6109427226999837,0.6056234778972227,0.5074452780466817,0.5757086254190795
2024-10-15,-0.5537197693153243,0.508494210002059,0.1675677458988674,-0.8552313059094814,0.0,0.0,0.00034965034965034965,0.03125,0.03597122302158273,0.0,0.0,0.3125555735842933,0.35093847629824615,0.3119420243089169,0.38421681944998004
2024-10-16,0.5409370031338216,-0.11116726940576335,1.6704174849021616,0.5022787034706477,0.0,0.0,0.001048951048951049,0.046875,0.02158273381294964,0.11904761904761904,0.0,0.4799935096543891,0.4256180659762368,0.34601551575777134,0.4519822755726443
2024-10-17,-0.41247373416059585,-0.11116726940576335,-0.20814468885195622,1.1810337081607123,0.2857142857142857,0.0,0.0017482517482517483,0.0234375,0.014388489208633094,0.09523809523809523,0.1,0.4086256693168911,0.4390494698777398,0.4095440733569969,0.5255878836189717
2024-10-18,0.929363599809325,-0.11116726940576335,0.1675677458988674,0.5022787034706477,0.42857142857142855,0.2222222222222222,0.0,0.08203125,0.02877697841726619,0.23857142857142813,0.15,0.6432970955703391,0.660664583897075,0.5801575104872536,0.6553819895435251
2024-10-21,0.9999866173866893,1.1281556894098812,0.1675677458988674,1.1810337081607123,0.2857142857142857,0.2222222222222222,0.00034965034965034965,0.08203125,0.03597122302158273,0.23857142857142813,0.2,0.4896641246146357,0.5290103564487959,0.44352344842422287,0.6553819895435251
2024-10-22,0.5409370031338216,0.8802910976467523,3.0,0.5022787034706477,0.2857142857142857,0.4444444444444444,0.0,0.0234375,0.014388489208633094,0.07142857142857142,0.15,0.5119000486775921,0.5168482940149074,0.43031690330214045,0.24252924764963776
2024-10-23,0.47031398555645737,0.13669732235736556,2.0461299196529854,1.859788712850777,0.0,0.4444444444444444,0.00034965034965034965,0.0390625,0.02877697841726619,0.11904761904761904,0.0,0.5100892422521499,0.4830975867752331,0.40247526083682905,0.5202095983869833
2024-10-24,0.5409370031338216,0.13669732235736556,-0.20814468885195622,1.1810337081607123,0.2857142857142857,0.2222222222222222,0.001048951048951049,0.03125,0.014388489208633094,0.14285714285714285,0.15,0.43234139217913353,0.4125753364000886,0.37415295256534364,0.5160598316648302
2024-10-25,2.024020372258471,1.4999525770545745,0.9189926154005146,-0.1764763012194168,0.42857142857142855,0.4444444444444444,0.0,0.078125,0.014388489208633094,0.16666666666666666,0.1,0.5150997890637676,0.5591399965560504,0.5187930246316016,0.4226783579115186
2024-10-28,2.7302505480321133,3.0,3.0,1.859788712850777,0.14285714285714285,0.5566666666666656,0.00034965034965034965,0.06640625,0.007194244604316547,0.23857142857142813,0.2,0.5208891773486939,0.5058178150599002,0.4055138754436915,0.4419853234239092
2024-10-29,0.47031398555645737,1.2520879852914457,3.0,3.0,0.14285714285714285,0.5555555555555556,0.0013986013986013986,0.0546875,0.007194244604316547,0.23809523809523808,0.2,0.4067175077072854,0.409584020073307,0.34206935032806285,0.5070335029189037
2024-10-30,1.4590362316395569,0.7563588017651879,2.7975547891546326,3.0,0.5714285714285714,0.5555555555555556,0.0013986013986013986,0.02734375,0.014388489208633094,0.14285714285714285,0.2,0.43680674995943536,0.46939558682443244,0.38038144024954285,0.3688978500926078
2024-10-31,1.9533973546811068,2.367478648225526,2.0461299196529854,3.0,0.5714285714285714,0.5566666666666656,0.0006993006993006993,0.0546875,0.03597122302158273,0.09523809523809523,0.15,0.5036378387149115,0.5034267299697425,0.44042433042917073,0.38133542775420254
2024-11-01,0.2937564416130467,1.8717494646992678,-0.20814468885195622,0.5022787034706477,0.14285714285714285,0.5566666666666656,0.044080419580419555,0.05078125,0.014388489208633094,0.14285714285714285,0.0,0.4611844880739899,0.4121768222183957,0.3569531838227385,0.19548683562703675
2024-11-04,2.235889424990564,0.508494210002059,2.421842354403809,-0.8552313059094814,0.14285714285714285,0.3333333333333333,0.012237762237762238,0.0390625,0.02158273381294964,0.21428571428571427,0.05,0.5523998052896316,0.5729059555730487,0.5187157147466924,0.5679178486859072
2024-11-05,2.4124469689339745,2.119614056462397,0.1675677458988674,3.0,0.0,0.4444444444444444,0.0,0.0703125,0.03597122302158273,0.23809523809523808,0.2,0.627181567418465,0.6338687855157316,0.5798913628052059,0.6111387241225704
2024-11-06,0.929363599809325,1.623884872936139,3.0,0.5022787034706477,0.5714285714285714,0.4444444444444444,0.001048951048951049,0.04296875,0.03597122302158273,0.23857142857142813,0.2,0.4705435664449132,0.4578780349806894,0.384952807357212,0.5048413945091788
2024-11-07,2.9774311095528883,1.623884872936139,2.7975547891546326,1.859788712850777,0.14285714285714285,0.5566666666666656,0.002097902097902098,0.04296875,0.014388489208633094,0.16666666666666666,0.1,0.6432321921142301,0.5953359080957419,0.5461842529848338,0.5001992825827023
2024-11-08,0.7174945470772323,1.3760202811730102,2.0461299196529854,1.859788712850777,0.42857142857142855,0.3333333333333333,0.001048951048951049,0.0625,0.014388489208633094,0.09523809523809523,0.0,0.44229758234625993,0.4427246562200192,0.37848230612025385,0.3915480739924507
2024-11-11,1.6709052843716496,1.7478171688177035,1.6704174849021616,1.1810337081607123,0.14285714285714285,0.0,0.0048951048951048955,0.08203125,0.03597122302158273,0.047619047619047616,0.0,0.5100438098328736,0.5752183218125017,0.5227862482521243,0.439223501277753
2024-11-12,0.3996909679790931,1.1281556894098812,-0.20814468885195622,-0.1764763012194168,0.14285714285714285,0.1111111111111111,0.0048951048951048955,0.03515625,0.014388489208633094,0.047619047619047616,0.0,0.3866818108064254,0.443206809180586,0.4178935409271808,0.37432536984502846
2024-11-13,0.11719889766963607,-0.11116726940576335,-0.20814468885195622,-0.1764763012194168,0.14285714285714285,0.1111111111111111,0.0024475524475524478,0.046875,0.0,0.11904761904761904,0.05,0.5094661690735032,0.4947135371823572,0.45738208561901683,0.439811971021968
2024-11-14,-0.6596542956813707,0.13669732235736556,-0.5838571236027799,0.5022787034706477,0.0,0.1111111111111111,0.006293706293706294,0.01171875,0.0,0.023809523809523808,0.05,0.36447184812591266,0.3359720548079999,0.3057706787135635,0.36806555224720416
2024-11-15,0.11719889766963607,-0.2350995652873278,0.543280180649691,-0.1764763012194168,0.14285714285714285,0.1111111111111111,0.008041958041958041,0.03125,0.007194244604316547,0.11904761904761904,0.05,0.38232678890150895,0.346485941305257,0.28870200064536944,0.4030994302862636
2024-11-18,0.5409370031338216,0.6324265058836234,0.543280180649691,1.859788712850777,0.14285714285714285,0.2222222222222222,0.01853146853146853,0.015625,0.007194244604316547,0.09523809523809523,0.05,0.4632354372870355,0.38141251137733395,0.34128952888028397,0.33550512273462596
2024-11-19,0.9999866173866893,0.13669732235736556,0.543280180649691,0.5022787034706477,0.0,0.2222222222222222,0.004195804195804196,0.03515625,0.0,0.047619047619047616,0.0,0.5199091351614473,0.5684583405082286,0.520924088415618,0.4416125477692073
2024-11-20,1.9180858458924246,1.4999525770545745,1.6704174849021616,1.1810337081607123,0.2857142857142857,0.2222222222222222,0.00034965034965034965,0.0546875,0.014388489208633094,0.14285714285714285,0.05,0.5192730812915788,0.5133846645838972,0.4369487469076046,0.49285396103439383
2024-11-21,0.5762485119225037,1.623884872936139,2.421842354403809,2.5385437175408416,0.2857142857142857,0.4444444444444444,0.0006993006993006993,0.02734375,0.007194244604316547,0.11904761904761904,0.1,0.4812915787765698,0.47189983026247817,0.41724817145315696,0.4540430919278831
2024-11-22,-0.3418507165832316,0.38456191412049445,2.421842354403809,3.0,0.42857142857142855,0.4444444444444444,0.002797202797202797,0.0234375,0.007194244604316547,0.07142857142857142,0.05,0.2778841473308453,0.3019064721655064,0.2862482521243412,0.2998030619182707
2024-11-25,2.024020372258471,1.623884872936139,1.2947050501513382,3.0,0.5714285714285714,0.5555555555555556,0.0048951048951048955,0.0390625,0.014388489208633094,0.07142857142857142,0.0,0.4698231380821028,0.4666404270497651,0.41959771969452514,0.4088293906641971
2024-11-26,0.5409370031338216,1.1281556894098812,0.1675677458988674,0.5022787034706477,0.5714285714285714,0.3333333333333333,0.01993006993006993,0.01953125,0.007194244604316547,0.023809523809523808,0.0,0.46868083725458376,0.4340065435044649,0.3814301656448317,0.3288631514782079
2024-11-27,0.8587405822319607,0.38456191412049445,-0.20814468885195622,-0.1764763012194168,0.14285714285714285,0.5555555555555556,0.006293706293706294,0.05078125,0.007194244604316547,0.09523809523809523,0.05,0.5762323543728703,0.5861012029224374,0.5119393352694418,0.43409607764987224
2024-11-28,0.4350024767677752,1.3760202811730102,1.2947050501513382,-0.1764763012194168,0.14285714285714285,0.4444444444444444,0.002097902097902098,0.0234375,0.007194244604316547,0.09523809523809523,0.0,0.44902807074476714,0.41303288971981017,0.3608791814563838,0.41844184465336554
2024-11-29,1.4590362316395569,0.7563588017651879,1.6704174849021616,2.5385437175408416,0.14285714285714285,0.4444444444444444,0.0024475524475524478,0.05078125,0.007194244604316547,0.11904761904761904,0.05,0.5372123965601169,0.559720548079998,0.5041579272883726,0.4924225728553677
2024-12-02,1.8474628283150603,2.367478648225526,1.6704174849021616,2.5385437175408416,0.42857142857142855,0.5555555555555556,0.0017482517482517483,0.06640625,0.02877697841726619,0.047619047619047616,0.1,0.5498555898101574,0.5423679614277632,0.4677987522856836,0.4922865917989356
2024-12-03,0.6115600207111859,1.3760202811730102,3.0,1.1810337081607123,0.5714285714285714,0.4444444444444444,0.0013986013986013986,0.03515625,0.014388489208633094,0.07142857142857142,0.0,0.5052409540808047,0.45556566874123644,0.40529539098633965,0.4232527606498957
2024-12-04,0.3290679504017288,0.13669732235736556,0.9189926154005146,2.5385437175408416,0.2857142857142857,0.5566666666666656,0.005244755244755245,0.01953125,0.007194244604316547,0.023809523809523808,0.0,0.449443452863865,0.42490467639172474,0.3721563407550823,0.3692378027336881
2024-12-05,1.2824786876961463,1.4999525770545745,0.1675677458988674,1.859788712850777,0.5714285714285714,0.5555555555555556,0.002797202797202797,0.04296875,0.007194244604316547,0.047619047619047616,0.0,0.4847509329871815,0.4893606553344322,0.43242107669140584,0.4427941762595831
2024-12-06,0.929363599809325,1.7478171688177035,0.9189926154005146,0.5022787034706477,0.2857142857142857,0.5566666666666656,0.0017482517482517483,0.03125,0.007194244604316547,0.023809523809523808,0.0,0.5444945643355509,0.5477848023418859,0.4892035065074755,0.3980892317070312
2024-12-09,0.8234290734432786,0.38456191412049445,2.0461299196529854,1.1810337081607123,0.2857142857142857,0.2222222222222222,0.0073426573426573424,0.03515625,0.014388489208633094,0.0,0.0,0.4736978744118124,0.4480135790017466,0.3928619447133484,0.319724286685579
2024-12-10,0.7881175646545965,0.7563588017651879,1.6704174849021616,1.1810337081607123,0.42857142857142855,0.2222222222222222,0.0017482517482517483,0.05078125,0.014388489208633094,0.07142857142857142,0.0,0.5150283952620477,0.5123219600993826,0.44325118317736906,0.47584695097648466
2024-12-11,1.9533973546811068,1.623884872936139,1.2947050501513382,2.5385437175408416,0.0,0.3333333333333333,0.002797202797202797,0.0546875,0.007194244604316547,0.0,0.0,0.4952782735680675,0.49153034365698267,0.4165322146929117,0.38763744636954023
2024-12-12,1.211855670118782,2.615343239988655,3.0,1.1810337081607123,0.42857142857142855,0.2222222222222222,0.002097902097902098,0.0234375,0.014388489208633094,0.0,0.0,0.5314879117312997,0.5245184620304545,0.46562063031085293,0.3900218038590486
2024-12-13,0.6115600207111859,0.6324265058836234,1.6704174849021616,3.0,0.42857142857142855,0.2222222222222222,0.0038461538461538464,0.02734375,0.014388489208633094,0.023809523809523808,0.0,0.34609767970144406,0.3656343017391947,0.3367753038614607,0.3955970271727663
2024-12-16,0.9646751085980071,0.508494210002059,2.0461299196529854,1.859788712850777,0.2857142857142857,0.1111111111111111,0.008041958041958041,0.02734375,0.007194244604316547,0.0,0.0,0.4660262858997241,0.4113158347888122,0.3694807464773583,0.3401331676552646
2024-12-17,-0.730277313258735,-0.2350995652873278,-0.5838571236027799,0.5022787034706477,0.2857142857142857,0.0,0.044055944055944055,0.00390625,0.0,0.0,0.0,0.4290183352263508,0.45824210966519896,0.41965822308271483,0.34519025625395633
2024-12-18,0.9646751085980071,0.26062961823893,0.9189926154005146,-0.1764763012194168,0.2857142857142857,0.2222222222222222,0.0038461538461538464,0.0390625,0.0,0.0,0.0,0.5166509816647736,0.49708986248800774,0.4216548348929762,0.40677326331090424
2024-12-19,0.08188738888095394,-0.11116726940576335,-0.20814468885195622,0.5022787034706477,0.0,0.2222222222222222,0.007692307692307693,0.05859375,0.007194244604316547,0.023809523809523808,0.0,0.4532727567742982,0.5053258222429954,0.43760420027966007,0.49755702998616747
2024-12-20,0.7174945470772323,0.26062961823893,-0.20814468885195622,-0.8552313059094814,0.14285714285714285,0.1111111111111111,0.0048951048951048955,0.0234375,0.014388489208633094,0.023809523809523808,0.0,0.4728541294823949,0.47410395808221206,0.414303673227923,0.4249032893348651
2024-12-23,-0.6596542956813707,0.012765026475801109,-0.20814468885195622,0.5022787034706477,0.0,0.0,0.04265734265734266,0.0078125,0.0,0.023809523809523808,0.0,0.44423819568392015,0.4247521586184842,0.3871611810261375,0.358945443462359
2024-12-24,0.5762485119225037,0.012765026475801109,0.1675677458988674,-0.1764763012194168,0.2857142857142857,0.0,0.004545454545454545,0.03125,0.0,0.0,0.0,0.5585007301638812,0.5377973481587169,0.4595299558997526,0.43905469720769935
2024-12-25,-0.5184082605266422,-0.11116726940576335,-0.5838571236027799,0.5022787034706477,0.14285714285714285,0.0,0.01048951048951049,0.01171875,0.007194244604316547,0.0,0.0,0.4763005030017848,0.4437184817101671,0.40159123910939015,0.33190631374112023
2024-12-26,0.9999866173866893,0.6324265058836234,0.1675677458988674,-0.8552313059094814,0.14285714285714285,0.1111111111111111,0.002097902097902098,0.04296875,0.0,0.023809523809523808,0.0,0.4856790524095408,0.5081055816585078,0.4332513176293428,0.42412491501183974
2024-12-27,0.364379459190411,-0.2350995652873278,0.9189926154005146,-0.8552313059094814,0.0,0.1111111111111111,0.0024475524475524478,0.015625,0.0,0.0,0.0,0.4805841311049813,0.4687707559469632,0.41266672044745617,0.39209903172109817
2024-12-30,-0.30653920779454946,-0.4829641570504567,-0.20814468885195622,1.1810337081607123,0.0,0.0,0.005244755244755245,0.0078125,0.0,0.0,0.0,0.4903521012493915,0.4803817864259183,0.4223136495643756,0.3177642838721778
2024-12-31,-0.20060468142850307,-0.35903186116889224,-0.5838571236027799,0.5022787034706477,0.2857142857142857,0.0,0.008041958041958041,0.0078125,0.0,0.023809523809523808,0.0,0.37079993509654385,0.3569407886644856,0.32163937291599437,0.4020350268445361
2025-01-02,0.046575880092271815,0.38456191412049445,-0.20814468885195622,-0.8552313059094814,0.14285714285714285,0.2222222222222222,0.004545454545454545,0.01171875,0.0,0.0,0.0,0.3039039428849586,0.3209564340360631,0.29282295364095945,0.38025695730663733
2025-01-03,-0.3771622253719137,0.13669732235736556,0.1675677458988674,-0.1764763012194168,0.0,0.2222222222222222,0.02762237762237762,0.00390625,0.007194244604316547,0.047619047619047616,0.0,0.37492130455946776,0.3821013013210008,0.3476423846402065,0.41683117248493656
2025-01-06,0.01126437130358969,0.38456191412049445,-0.20814468885195622,0.5022787034706477,0.0,0.0,0.021678321678321677,0.015625,0.0,0.023809523809523808,0.0,0.4675320460814538,0.4695235049568277,0.41723136495643753,0.38732093873818957
2025-01-07,0.8940520910206429,0.38456191412049445,0.1675677458988674,-0.1764763012194168,0.14285714285714285,0.0,0.0034965034965034965,0.02734375,0.007194244604316547,0.0,0.0,0.5226220996268052,0.5315096799586727,0.44383941056254705,0.4692917262560664
2025-01-08,0.046575880092271815,0.26062961823893,0.9189926154005146,0.5022787034706477,0.14285714285714285,0.1111111111111111,0.0013986013986013986,0.015625,0.014388489208633094,0.047619047619047616,0.0,0.47768943696251825,0.4485941305256944,0.3871947940195762,0.45047710594799895
2025-01-09,0.5762485119225037,0.508494210002059,0.543280180649691,1.1810337081607123,0.2857142857142857,0.2222222222222222,0.0013986013986013986,0.0234375,0.014388489208633094,0.023809523809523808,0.0,0.43891611228297905,0.49073823522176585,0.4239035441540282,0.45721989074625463
2025-01-10,-0.44778524294927796,0.26062961823893,-0.5838571236027799,-0.1764763012194168,0.0,0.2222222222222222,0.015384615384615385,0.00390625,0.0,0.0,0.0,0.3899983774135972,0.3864209982534256,0.3610909433150479,0.35562797458560946
2025-01-13,-0.09467015506245668,-0.35903186116889224,0.1675677458988674,-0.8552313059094814,0.0,0.1111111111111111,0.01013986013986014,0.0078125,0.0,0.0,0.0,0.4607236735356158,0.4753388600526433,0.4323706572012477,0.36573042927812816
2025-01-14,2.0593318810471533,0.13669732235736556,0.543280180649691,1.1810337081607123,0.0,0.1111111111111111,0.0,0.046875,0.0,0.09523809523809523,0.0,0.6412915787765698,0.6605397161201447,0.5783821393998064,0.6553819895435251
2025-01-15,-0.12998166385113882,1.0042233935283167,-0.20814468885195622,-0.8552313059094814,0.42857142857142855,0.1111111111111111,0.002797202797202797,0.0078125,0.014388489208633094,0.0,0.0,0.4489566769430472,0.42438316400580556,0.35894979563299984,0.414245187911753
2025-01-16,0.18782191524700032,0.012765026475801109,2.421842354403809,-0.1764763012194168,0.0,0.3333333333333333,0.0013986013986013986,0.015625,0.007194244604316547,0.0,0.0,0.49457082589647894,0.49525472928095254,0.4423268258578036,0.46848990692331133
2025-01-17,-0.024047137485092435,-0.2350995652873278,-0.5838571236027799,2.5385437175408416,0.0,0.1111111111111111,0.004195804195804196,0.01953125,0.0,0.0,0.0,0.48824922927145864,0.5045533935204547,0.4462897977842315,0.4116029353152182
2025-01-20,0.47031398555645737,0.26062961823893,0.1675677458988674,-0.8552313059094814,0.42857142857142855,0.0,0.0034965034965034965,0.01171875,0.007194244604316547,0.0,0.0,0.4817588836605549,0.521251629726206,0.4810926911907067,0.426298267413781
2025-01-21,-0.41247373416059585,0.012765026475801109,0.9189926154005146,0.5022787034706477,0.0,0.1111111111111111,0.0038461538461538464,0.01953125,0.0,0.0,0.0,0.4731267239980529,0.4988708764852034,0.43243452188878134,0.4088692471807376
2025-01-22,-0.44778524294927796,-0.35903186116889224,0.543280180649691,1.1810337081607123,0.14285714285714285,0.1111111111111111,0.005244755244755245,0.00390625,0.0,0.0,0.0,0.4185948401752393,0.4371159381073037,0.4021256857050662,0.3250392703912972
2025-01-23,-0.3418507165832316,-0.2350995652873278,-0.5838571236027799,0.5022787034706477,0.2857142857142857,0.0,0.0048951048951048955,0.0,0.0,0.0,0.0,0.5100438098328736,0.45130993087500926,0.40784325588899645,0.4177642838721778
2025-01-24,0.22313342403568245,-0.11116726940576335,-0.20814468885195622,-0.1764763012194168,0.2857142857142857,0.1111111111111111,0.0034965034965034965,0.0390625,0.0,0.023809523809523808,0.0,0.5217718643517767,0.5315736390248703,0.4660004571367108,0.43483928445830305
2025-01-27,-0.3418507165832316,-0.2350995652873278,-0.5838571236027799,-0.1764763012194168,0.0,0.1111111111111111,0.01048951048951049,0.015625,0.0,0.0,0.0,0.4725945156579588,0.4098939755479571,0.3282846617188341,0.37473800201627083
2025-02-05,0.046575880092271815,0.13669732235736556,-0.20814468885195622,-0.8552313059094814,0.14285714285714285,0.0,0.011188811188811189,0.0546875,0.014388489208633094,0.023809523809523808,0.0,0.4344832062307318,0.47917148409633226,0.4187338657631494,0.4481255714721122
2025-02-06,0.7174945470772323,0.26062961823893,0.543280180649691,-0.1764763012194168,0.0,0.1111111111111111,0.0,0.03125,0.03597122302158273,0.047619047619047616,0.0,0.5593834171669642,0.586263560552016,0.5144098902871894,0.5498581576911354
2025-02-07,0.3290679504017288,0.38456191412049445,1.2947050501513382,1.1810337081607123,0.14285714285714285,0.1111111111111111,0.00034965034965034965,0.0234375,0.014388489208633094,0.07142857142857142,0.05,0.5421385688787927,0.5615458414307152,0.5051595944928471,0.5370079478582984
2025-02-10,0.8587405822319607,1.0042233935283167,0.1675677458988674,1.859788712850777,0.2857142857142857,0.2222222222222222,0.0,0.0703125,0.02158273381294964,0.07142857142857142,0.05,0.5129904267402239,0.5009175666035276,0.4349218834032484,0.5001055025437836
2025-02-11,0.08188738888095394,0.012765026475801109,0.1675677458988674,0.5022787034706477,0.5714285714285714,0.4444444444444444,0.0,0.01953125,0.02877697841726619,0.07142857142857142,0.05,0.4686029531072529,0.44115027920592365,0.3722605410347424,0.4686047874709868
2025-02-12,0.5762485119225037,-0.2350995652873278,-0.20814468885195622,-0.8552313059094814,0.0,0.5566666666666656,0.0,0.03125,0.02158273381294964,0.047619047619047616,0.0,0.5320525717994483,0.5457085926545473,0.4811330267828332,0.4482193515110309
2025-02-13,-0.05935864627377457,0.38456191412049445,-0.20814468885195622,-0.1764763012194168,0.0,0.2222222222222222,0.0006993006993006993,0.02734375,0.007194244604316547,0.0,0.0,0.44967061496024663,0.4374308135101228,0.39626694094869314,0.37961221953907115
2025-02-14,0.22313342403568245,-0.35903186116889224,0.1675677458988674,-0.1764763012194168,0.14285714285714285,0.2222222222222222,0.002097902097902098,0.0625,0.02877697841726619,0.047619047619047616,0.0,0.5043777381145546,0.5320902314826205,0.480655722276003,0.3981314327245446
2025-02-17,0.7174945470772323,0.38456191412049445,-0.5838571236027799,0.5022787034706477,0.14285714285714285,0.1111111111111111,0.002097902097902098,0.03515625,0.02877697841726619,0.023809523809523808,0.05,0.494298231380821,0.49426090379080473,0.437365548026245,0.4620214287388929
2025-02-18,-0.41247373416059585,0.26062961823893,-0.5838571236027799,-0.1764763012194168,0.14285714285714285,0.1111111111111111,0.006293706293706294,0.01171875,0.0,0.023809523809523808,0.0,0.41602466331332144,0.39598041868588724,0.35371289125524363,0.36770449909736713
2025-02-19,1.494347740428239,-0.2350995652873278,0.543280180649691,-0.8552313059094814,0.0,0.1111111111111111,0.0006993006993006993,0.0546875,0.0,0.047619047619047616,0.0,0.529443452863865,0.5472288504587833,0.4885883887275465,0.5465172438046562
2025-02-20,0.6468715294998679,1.1281556894098812,-0.20814468885195622,1.859788712850777,0.0,0.1111111111111111,0.00034965034965034965,0.0546875,0.007194244604316547,0.047619047619047616,0.05,0.4751711828654876,0.48521807581609316,0.41808513498978167,0.4556701756031229
2025-02-21,1.1412326525414178,-0.11116726940576335,2.0461299196529854,-0.8552313059094814,0.14285714285714285,0.1111111111111111,0.0,0.08203125,0.014388489208633094,0.047619047619047616,0.0,0.5315138731137432,0.5649307520110207,0.5046654834892976,0.48568213255808496
2025-02-24,0.5762485119225037,0.7563588017651879,-0.9595695583536035,1.859788712850777,0.0,0.1111111111111111,0.0034965034965034965,0.0390625,0.0,0.023809523809523808,0.0,0.46494888852831406,0.4714963961526163,0.3977022157685275,0.42390218741940777
2025-02-25,-0.12998166385113882,0.012765026475801109,1.6704174849021616,-0.8552313059094814,0.14285714285714285,0.0,0.0013986013986013986,0.02734375,0.0,0.023809523809523808,0.0,0.42470874574071066,0.41763794248603975,0.38214276110573303,0.387949264998945
2025-02-26,1.1412326525414178,-0.2350995652873278,0.1675677458988674,3.0,0.0,0.0,0.0,0.0390625,0.0,0.047619047619047616,0.0,0.5429239006977121,0.5210695923839513,0.4616408518877057,0.4641924366398612
2025-02-27,0.4350024767677752,0.26062961823893,0.1675677458988674,-0.1764763012194168,0.5714285714285714,0.0,0.0017482517482517483,0.01953125,0.007194244604316547,0.047619047619047616,0.05,0.49170858348207036,0.46258148631029994,0.4028483650639991,0.443680397627365
2025-02-28,-0.44778524294927796,0.012765026475801109,-0.20814468885195622,-0.8552313059094814,0.0,0.1111111111111111,0.016083916083916083,0.01953125,0.0,0.07142857142857142,0.05,0.3479733895829953,0.33282822070797774,0.29191540281811335,0.31937495604060673
2025-03-03,0.364379459190411,-0.35903186116889224,0.1675677458988674,-0.1764763012194168,0.0,0.0,0.008391608391608392,0.015625,0.0,0.11904761904761904,0.0,0.4688755476229109,0.49300140217952826,0.46066943637732605,0.474067474738002
2025-03-04,0.5762485119225037,-0.11116726940576335,-0.20814468885195622,-0.1764763012194168,0.0,0.0,0.002797202797202797,0.03125,0.0,0.09523809523809523,0.05,0.4908907999350965,0.4890064205062607,0.4103306174034635,0.4966590861135207
2025-03-05,0.22313342403568245,0.26062961823893,-0.20814468885195622,-0.8552313059094814,0.14285714285714285,0.0,0.001048951048951049,0.02734375,0.0,0.023809523809523808,0.0,0.511302936881389,0.4890506998597821,0.4206329998924384,0.48690127306402836
2025-03-06,1.1765441613301,0.26062961823893,0.543280180649691,0.5022787034706477,0.0,0.0,0.0,0.0625,0.0,0.07142857142857142,0.0,0.552639948077235,0.5621805121645225,0.48821864579972035,0.38649801889667784
2025-03-07,-0.27122769900586735,0.508494210002059,-0.5838571236027799,0.5022787034706477,0.14285714285714285,0.0,0.002097902097902098,0.015625,0.007194244604316547,0.07142857142857142,0.05,0.4602174265779652,0.45038498437922814,0.37600166720447453,0.4092326448315476
2025-03-10,0.5762485119225037,-0.2350995652873278,0.1675677458988674,-0.8552313059094814,0.14285714285714285,0.0,0.0017482517482517483,0.02734375,0.007194244604316547,0.047619047619047616,0.0,0.4643517767321109,0.4670389412314581,0.4119205119931161,0.46502473448526477
2025-03-11,-0.16529317263982093,0.26062961823893,-0.20814468885195622,0.5022787034706477,0.0,0.1111111111111111,0.0,0.015625,0.0,0.023809523809523808,0.0,0.5029888041538212,0.4913384664583898,0.42654216413896956,0.42260098937941054
2025-03-12,0.6821830382885501,0.26062961823893,0.543280180649691,-0.1764763012194168,0.14285714285714285,0.1111111111111111,0.0,0.015625,0.0,0.07142857142857142,0.0,0.46145708258964785,0.4670930604413176,0.40073410777670215,0.40620120507350005
2025-03-13,-0.4830967517379601,-0.35903186116889224,0.1675677458988674,1.1810337081607123,0.0,0.1111111111111111,0.0038461538461538464,0.02734375,0.0,0.07142857142857142,0.05,0.4512412785980853,0.4266561708199061,0.3814436108422071,0.34868825170562445
2025-03-14,0.5762485119225037,0.012765026475801109,-0.20814468885195622,-0.1764763012194168,0.0,0.1111111111111111,0.0017482517482517483,0.0390625,0.014388489208633094,0.11904761904761904,0.05,0.5941911406782411,0.5861651619886351,0.5144132515865333,0.49498042341687576
2025-03-17,-0.12998166385113882,0.38456191412049445,0.543280180649691,0.5022787034706477,0.14285714285714285,0.0,0.00034965034965034965,0.02734375,0.0,0.09523809523809523,0.0,0.48909946454648706,0.46604019581314116,0.4027004678928687,0.4642158816495909
2025-03-18,0.11719889766963607,0.13669732235736556,-0.20814468885195622,1.859788712850777,0.14285714285714285,0.1111111111111111,0.00034965034965034965,0.02734375,0.0,0.023809523809523808,0.0,0.4835177673211098,0.5007798086147943,0.4407066795740562,0.43055353667971774
2025-03-19,-0.44778524294927796,0.13669732235736556,0.543280180649691,-0.1764763012194168,0.2857142857142857,0.1111111111111111,0.001048951048951049,0.0078125,0.0,0.0,0.0,0.47033587538536425,0.4592752945806992,0.4106969990319458,0.3540454364288561
2025-03-20,-0.05935864627377457,0.13669732235736556,0.1675677458988674,1.859788712850777,0.0,0.3333333333333333,0.0,0.015625,0.0,0.0,0.0,0.4435242576667207,0.4306068731396522,0.38644522426589223,0.3565868754835533
2025-03-21,-0.41247373416059585,-0.11116726940576335,0.9189926154005146,0.5022787034706477,0.14285714285714285,0.1111111111111111,0.006993006993006993,0.00390625,0.014388489208633094,0.0,0.0,0.39263994807723507,0.3884234090182284,0.3472356674195977,0.32289405200103155
2025-03-24,-0.30653920779454946,-0.11116726940576335,-0.20814468885195622,0.5022787034706477,0.14285714285714285,0.0,0.01013986013986014,0.015625,0.007194244604316547,0.023809523809523808,0.0,0.48666558494239814,0.47887136847802025,0.4206262772937507,0.4428504442829344
2025-03-25,-0.20060468142850307,0.012765026475801109,0.1675677458988674,-0.8552313059094814,0.0,0.0,0.011538461538461539,0.0234375,0.0,0.023809523809523808,0.0,0.47654064578938826,0.4538732134510837,0.4091474400344197,0.46438468571964464
2025-03-26,0.6115600207111859,-0.4829641570504567,0.1675677458988674,0.5022787034706477,0.0,0.0,0.00034965034965034965,0.03515625,0.007194244604316547,0.0,0.0,0.4741716696414084,0.47279033726107605,0.41146001398300525,0.4171898811338007
2025-03-27,-0.024047137485092435,-0.2350995652873278,-0.9595695583536035,-0.1764763012194168,0.14285714285714285,0.0,0.006293706293706294,0.015625,0.007194244604316547,0.023809523809523808,0.0,0.4863735193899075,0.4864431379301863,0.4283539044853178,0.40463742292453053
2025-03-28,-0.4830967517379601,-0.2350995652873278,-0.5838571236027799,-0.8552313059094814,0.0,0.0,0.0073426573426573424,0.0078125,0.0,0.0,0.0,0.4334642219698198,0.44719687092568455,0.3937358825427557,0.37731460858556254
2025-03-31,-0.5537197693153243,-0.11116726940576335,-0.5838571236027799,-0.1764763012194168,0.0,0.0,0.00944055944055944,0.01953125,0.0,0.0,0.0,0.4465033263021256,0.4274482792551229,0.38148394643433364,0.3573066372822545
2025-04-01,0.01126437130358969,-0.35903186116889224,0.1675677458988674,-0.1764763012194168,0.0,0.0,0.0024475524475524478,0.02734375,0.007194244604316547,0.023809523809523808,0.0,0.5013272756774297,0.47490590637376706,0.4172851457459395,0.43052774716901504
2025-04-02,-0.2359161902171852,-0.35903186116889224,-0.5838571236027799,-0.8552313059094814,0.14285714285714285,0.0,0.0038461538461538464,0.0078125,0.0,0.0,0.0,0.47991562550705824,0.479653637056899,0.42458924922017854,0.4329144491594964
2025-04-03,0.01126437130358969,0.012765026475801109,-0.20814468885195622,-0.8552313059094814,0.0,0.0,0.00909090909090909,0.01171875,0.0,0.047619047619047616,0.0,0.46091189355833195,0.406248308774692,0.357554856405292,0.4013644995662673
2025-04-07,-0.9774578747795098,0.13669732235736556,-0.5838571236027799,-0.1764763012194168,0.0,0.0,0.044080419580419555,0.0078125,0.007194244604316547,0.047619047619047616,0.0,0.0,0.0,0.0,0.0
2025-04-08,1.812151319526378,0.012765026475801109,1.2947050501513382,-0.1764763012194168,0.14285714285714285,0.0,0.04195804195804196,0.05078125,0.014388489208633094,0.19047619047619047,0.05,0.5792828168099952,0.5068411601190623,0.48177167365816925,0.5337584695097648
2025-04-09,1.0706096349640535,0.6324265058836234,-0.20814468885195622,2.5385437175408416,0.14285714285714285,0.1111111111111111,0.002097902097902098,0.0625,0.014388489208633094,0.23857142857142813,0.05,0.5617718643517767,0.5353669036432069,0.4531535710444229,0.6553819895435251
2025-04-10,2.377135460145292,0.508494210002059,1.2947050501513382,-0.8552313059094814,0.42857142857142855,0.1111111111111111,0.0,0.046875,0.02158273381294964,0.09523809523809523,0.05,0.5516404348531558,0.5859732847900421,0.49647399698827577,0.5346142123648981
2025-04-11,0.4350024767677752,0.26062961823893,0.543280180649691,0.5022787034706477,0.0,0.2222222222222222,0.0024475524475524478,0.046875,0.0,0.023809523809523808,0.0,0.5060133052085023,0.5154707141275737,0.4659029794557384,0.4555810845661501
2025-04-14,1.211855670118782,0.012765026475801109,0.1675677458988674,-0.8552313059094814,0.14285714285714285,0.1111111111111111,0.0006993006993006993,0.03515625,0.0,0.023809523809523808,0.0,0.5259062145059225,0.5001648175936632,0.43161100354953214,0.46914636719574243
2025-04-15,0.08188738888095394,-0.2350995652873278,-0.20814468885195622,-0.1764763012194168,0.0,0.0,0.003146853146853147,0.01953125,0.0,0.023809523809523808,0.0,0.48629563524257663,0.46217805220043795,0.41582634183069805,0.4127306402832157
2025-04-16,-0.41247373416059585,0.38456191412049445,-0.20814468885195622,-0.1764763012194168,0.14285714285714285,0.0,0.0017482517482517483,0.015625,0.0,0.0,0.0,0.49320785331818917,0.43361294925094096,0.3796419543938905,0.39438492016974186
2025-04-17,0.7528060558659143,0.13669732235736556,1.6704174849021616,0.5022787034706477,0.0,0.1111111111111111,0.0006993006993006993,0.0234375,0.0,0.0,0.0,0.4852312185623884,0.467329216993432,0.42313380660428096,0.4420158019365578
2025-04-18,-0.024047137485092435,0.26062961823893,0.1675677458988674,1.859788712850777,0.14285714285714285,0.0,0.004195804195804196,0.01953125,0.0,0.047619047619047616,0.0,0.46949213045594673,0.486615335416103,0.42934212649241693,0.4670644503317469
2025-04-21,1.1765441613301,0.26062961823893,0.1675677458988674,0.5022787034706477,0.2857142857142857,0.1111111111111111,0.0013986013986013986,0.046875,0.0,0.0,0.0,0.5057601817296771,0.5375316720375883,0.4734927933742067,0.48244672121538934
2025-04-22,0.364379459190411,1.0042233935283167,0.1675677458988674,0.5022787034706477,0.2857142857142857,0.1111111111111111,0.0017482517482517483,0.03125,0.0,0.023809523809523808,0.0,0.4930520850235275,0.45760251900322263,0.39273085403893726,0.4057065153682039
2025-04-23,0.3290679504017288,-0.2350995652873278,0.543280180649691,-0.1764763012194168,0.0,0.0,0.0048951048951048955,0.01171875,0.007194244604316547,0.0,0.0,0.46994645464871,0.5079924233106198,0.4563299989243842,0.4319578927625255
2025-04-24,-0.20060468142850307,0.26062961823893,-0.20814468885195622,1.1810337081607123,0.14285714285714285,0.0,0.0013986013986013986,0.01953125,0.0,0.0,0.0,0.4784747687814376,0.4467589973186392,0.3972518016564483,0.3401331676552646
2025-04-25,0.47031398555645737,-0.2350995652873278,-0.5838571236027799,-0.8552313059094814,0.14285714285714285,0.1111111111111111,0.004195804195804196,0.015625,0.0,0.0,0.0,0.4722505273405809,0.4945167400555953,0.43986635473808755,0.3948350643565517
2025-04-28,-0.41247373416059585,0.13669732235736556,-0.20814468885195622,-0.1764763012194168,0.0,0.0,0.012237762237762238,0.015625,0.0,0.0,0.0,0.4635469738763589,0.44453026985806016,0.39822321716682796,0.3790049937870725
2025-04-29,0.3290679504017288,-0.4829641570504567,-0.20814468885195622,-0.1764763012194168,0.0,0.0,0.0073426573426573424,0.02734375,0.0,0.0,0.0,0.47316566607171834,0.47252958106811643,0.41582634183069805,0.44972217663470326
2025-04-30,0.6115600207111859,0.012765026475801109,-0.9595695583536035,0.5022787034706477,0.0,0.0,0.0034965034965034965,0.015625,0.007194244604316547,0.047619047619047616,0.0,0.46158039915625504,0.5002041770190155,0.44818557061417663,0.4902726654631562
2025-05-06,1.1412326525414178,0.6324265058836234,0.1675677458988674,-0.8552313059094814,0.14285714285714285,0.0,0.0006993006993006993,0.03515625,0.007194244604316547,0.047619047619047616,0.0,0.5500373194872626,0.5659245775011685,0.48642035065074757,0.4960940613790355
2025-05-07,-0.05935864627377457,0.6324265058836234,0.543280180649691,-0.1764763012194168,0.0,0.1111111111111111,0.0,0.02734375,0.02158273381294964,0.023809523809523808,0.0,0.5286061982800584,0.4858576664780695,0.4372882381413359,0.4099617846341406
2025-05-08,0.18782191524700032,-0.11116726940576335,0.543280180649691,0.5022787034706477,0.0,0.0,0.0013986013986013986,0.03515625,0.014388489208633094,0.023809523809523808,0.0,0.4947525555735842,0.5207645568374702,0.4756574701516618,0.44366398612055424
2025-05-09,-0.6596542956813707,-0.2350995652873278,0.543280180649691,1.1810337081607123,0.0,0.0,0.002097902097902098,0.0078125,0.0,0.0,0.0,0.45728379036183675,0.44104696071437366,0.3909056684952135,0.41801983447823127
2025-05-12,-0.12998166385113882,-0.4829641570504567,-0.5838571236027799,1.1810337081607123,0.14285714285714285,0.0,0.0,0.03125,0.0,0.023809523809523808,0.0,0.5295472983936395,0.5599173452067601,0.5086587071098204,0.48844161020326826
2025-05-13,-0.09467015506245668,-0.35903186116889224,0.1675677458988674,-0.8552313059094814,0.42857142857142855,0.0,0.00034965034965034965,0.01171875,0.007194244604316547,0.0,0.0,0.4874768781437611,0.46897739293006324,0.416202807357212,0.39874803648043516
2025-05-14,0.046575880092271815,0.508494210002059,-0.5838571236027799,0.5022787034706477,0.0,0.2222222222222222,0.0,0.015625,0.007194244604316547,0.047619047619047616,0.0,0.5325588187570988,0.5068509999754004,0.45422918683446273,0.4459920755867114
2025-05-15,-0.44778524294927796,0.13669732235736556,2.0461299196529854,-0.8552313059094814,0.2857142857142857,0.1111111111111111,0.0013986013986013986,0.0234375,0.0,0.023809523809523808,0.0,0.4325425928930715,0.3955031856534895,0.3558204259438528,0.41175767237943406
2025-05-16,0.08188738888095394,0.012765026475801109,-0.5838571236027799,2.5385437175408416,0.0,0.1111111111111111,0.001048951048951049,0.01171875,0.007194244604316547,0.0,0.0,0.45098815511926005,0.47190967011881635,0.41394065289878457,0.4322955009026329
2025-05-19,0.5762485119225037,1.1281556894098812,-0.20814468885195622,-0.8552313059094814,0.42857142857142855,0.1111111111111111,0.00034965034965034965,0.02734375,0.007194244604316547,0.023809523809523808,0.0,0.4768716534155443,0.47110772182726135,0.40917096912982687,0.476407286709024
2025-05-20,0.1525104064583182,1.1281556894098812,1.2947050501513382,0.5022787034706477,0.0,0.0,0.002797202797202797,0.0234375,0.02158273381294964,0.023809523809523808,0.05,0.5014895343177024,0.5129910703303733,0.4461620684091642,0.44942911401308233
2025-05-21,-0.20060468142850307,-0.35903186116889224,2.0461299196529854,-0.1764763012194168,0.2857142857142857,0.0,0.001048951048951049,0.015625,0.02158273381294964,0.023809523809523808,0.0,0.49026123641083885,0.49684386607955533,0.4479771700548564,0.43001899045788106
2025-05-22,-0.4830967517379601,-0.11116726940576335,-0.5838571236027799,1.859788712850777,0.0,0.0,0.004195804195804196,0.015625,0.014388489208633094,0.0,0.0,0.46248904754178155,0.43956606233548995,0.3879342798752286,0.27663001430145595
2025-05-23,-0.44778524294927796,0.012765026475801109,-0.20814468885195622,-0.8552313059094814,0.14285714285714285,0.0,0.0034965034965034965,0.03125,0.0,0.0,0.0,0.41554437773811453,0.43323903471009334,0.3806503441970528,0.389046491454294
2025-05-26,0.18782191524700032,-0.2350995652873278,0.1675677458988674,-0.1764763012194168,0.0,0.0,0.00034965034965034965,0.03125,0.007194244604316547,0.023809523809523808,0.0,0.4736654226837579,0.45519175420038877,0.3931913520490481,0.4661876069678569
2025-05-27,0.01126437130358969,0.508494210002059,0.1675677458988674,1.1810337081607123,0.14285714285714285,0.0,0.00034965034965034965,0.015625,0.014388489208633094,0.0,0.0,0.4647087457407107,0.44496814346510544,0.3973728084328278,0.4225353433521675
2025-05-28,-0.05935864627377457,0.26062961823893,0.9189926154005146,-0.1764763012194168,0.14285714285714285,0.0,0.002097902097902098,0.01953125,0.0,0.0,0.0,0.4751711828654876,0.46254212688494756,0.40963146713993764,0.3881977821020796
2025-05-29,1.0352981261753713,0.508494210002059,0.9189926154005146,0.5022787034706477,0.14285714285714285,0.1111111111111111,0.0017482517482517483,0.06640625,0.014388489208633094,0.047619047619047616,0.0,0.5223300340743144,0.5361786917911,0.4661886898999677,0.4847490211708438
2025-05-30,-0.44778524294927796,0.38456191412049445,-0.20814468885195622,0.5022787034706477,0.0,0.0,0.005594405594405594,0.00390625,0.014388489208633094,0.0,0.05,0.4458413110498134,0.43316031585938847,0.38786033128966335,0.40891613720019687
2025-06-03,0.2937564416130467,0.26062961823893,0.1675677458988674,0.5022787034706477,0.14285714285714285,0.0,0.002097902097902098,0.03125,0.0,0.023809523809523808,0.0,0.5047282167775434,0.48332882339917843,0.4362395127460471,0.44483154760509225
2025-06-04,0.3290679504017288,0.8802910976467523,0.543280180649691,-0.8552313059094814,0.14285714285714285,0.0,0.0006993006993006993,0.01953125,0.007194244604316547,0.0,0.0,0.5041051435988966,0.5179798774937886,0.457513176293428,0.4464445642744942
2025-06-05,0.3996909679790931,-0.11116726940576335,0.1675677458988674,-0.1764763012194168,0.0,0.0,0.0017482517482517483,0.0234375,0.014388489208633094,0.023809523809523808,0.0,0.49181891935745575,0.5037957245824212,0.45950642680434545,0.4140693503387804
2025-06-06,-0.09467015506245668,-0.2350995652873278,0.543280180649691,0.5022787034706477,0.14285714285714285,0.0,0.0013986013986013986,0.01171875,0.0,0.0,0.0,0.479052409540808,0.4656712012004625,0.4051340486178337,0.40839800248517105
2025-06-09,0.22313342403568245,0.13669732235736556,-0.9595695583536035,0.5022787034706477,0.2857142857142857,0.1111111111111111,0.0006993006993006993,0.03515625,0.007194244604316547,0.023809523809523808,0.0,0.5042738925847801,0.5073183931514601,0.4562157147466925,0.4461585351557921
2025-06-10,-0.5184082605266422,0.26062961823893,0.543280180649691,-0.8552313059094814,0.14285714285714285,0.1111111111111111,0.0006993006993006993,0.0234375,0.007194244604316547,0.047619047619047616,0.0,0.4480869706311861,0.43300287815797894,0.38102680972356673,0.39705530677795237
2025-06-11,0.01126437130358969,-0.4829641570504567,0.1675677458988674,0.5022787034706477,0.0,0.1111111111111111,0.002097902097902098,0.0078125,0.007194244604316547,0.023809523809523808,0.0,0.5101930877819244,0.5158101891712381,0.46077699795633,0.420741800107847
2025-06-12,-0.024047137485092435,0.508494210002059,-0.20814468885195622,0.5022787034706477,0.0,0.1111111111111111,0.0,0.03515625,0.007194244604316547,0.023809523809523808,0.0,0.47729352588025314,0.4696071437357015,0.4288144024954286,0.41496494971045417
2025-06-13,0.01126437130358969,-0.4829641570504567,0.543280180649691,-0.8552313059094814,0.14285714285714285,0.0,0.002797202797202797,0.04296875,0.0,0.023809523809523808,0.0,0.4276878143761155,0.42127376940296674,0.3822604065827686,0.35222375917286003
2025-06-16,-0.2359161902171852,0.7563588017651879,-0.9595695583536035,-0.1764763012194168,0.0,0.0,0.001048951048951049,0.03125,0.02158273381294964,0.0,0.0,0.49918546162583155,0.4953580477725026,0.442397413144025,0.46386186200267276
2025-06-17,-0.20060468142850307,-0.2350995652873278,0.9189926154005146,-0.8552313059094814,0.0,0.0,0.002097902097902098,0.015625,0.0,0.023809523809523808,0.0,0.4741002758396884,0.469351307470911,0.40813905023125735,0.41142475324127264
2025-06-18,-0.5184082605266422,-0.35903186116889224,-0.20814468885195622,2.5385437175408416,0.0,0.0,0.003146853146853147,0.03125,0.0,0.0,0.0,0.479325004056466,0.48693021081892207,0.4280413036463375,0.4055377112981502
2025-06-19,-0.5184082605266422,-0.4829641570504567,-0.5838571236027799,-0.8552313059094814,0.2857142857142857,0.0,0.004545454545454545,0.015625,0.014388489208633094,0.0,0.0,0.4255005679052409,0.41544857445081307,0.37453614069054536,0.37424331231097463
2025-06-20,-0.27122769900586735,-0.4829641570504567,-0.20814468885195622,-0.1764763012194168,0.0,0.1111111111111111,0.0048951048951048955,0.02734375,0.007194244604316547,0.023809523809523808,0.0,0.4723673535615771,0.45224963715529753,0.3921291814563838,0.3893067310622934
2025-06-23,0.2937564416130467,0.508494210002059,0.1675677458988674,-0.1764763012194168,0.14285714285714285,0.1111111111111111,0.0,0.03515625,0.0,0.0,0.0,0.5185266915463248,0.4965437504612434,0.4331403947509949,0.45676036855555296
2025-06-24,0.3290679504017288,-0.2350995652873278,0.9189926154005146,0.5022787034706477,0.0,0.1111111111111111,0.006293706293706294,0.03515625,0.007194244604316547,0.023809523809523808,0.0,0.5514587051760507,0.5580822119997049,0.4976638969560073,0.5062340280871216
2025-06-25,-0.09467015506245668,0.6324265058836234,-0.20814468885195622,0.5022787034706477,0.2857142857142857,0.1111111111111111,0.0006993006993006993,0.04296875,0.014388489208633094,0.07142857142857142,0.0,0.5438195683920168,0.560010823841972,0.5248366408518877,0.45318031556983096
2025-06-26,-0.12998166385113882,0.6324265058836234,0.9189926154005146,-0.1764763012194168,0.14285714285714285,0.0,0.00034965034965034965,0.03515625,0.014388489208633094,0.023809523809523808,0.05,0.4625150089242252,0.4514378490074046,0.3981391846832311,0.39945373127329853
2025-06-27,-0.05935864627377457,-0.35903186116889224,-0.20814468885195622,0.5022787034706477,0.0,0.0,0.001048951048951049,0.0390625,0.007194244604316547,0.0,0.0,0.43104332305695275,0.4919042581978304,0.4359638861998494,0.44555599840573934
2025-06-30,0.6115600207111859,-0.2350995652873278,0.1675677458988674,-0.1764763012194168,0.2857142857142857,0.0,0.0017482517482517483,0.0390625,0.02158273381294964,0.0,0.0,0.5149245497322732,0.5162579026346216,0.46556012692266324,0.43307153072468524
2025-07-01,0.01126437130358969,0.7563588017651879,-0.5838571236027799,-0.1764763012194168,0.0,0.0,0.0017482517482517483,0.03515625,0.0,0.023809523809523808,0.0,0.5017426577965276,0.48047526506113014,0.412243196730128,0.4367852202658664
2025-07-02,0.1525104064583182,-0.35903186116889224,1.6704174849021616,-0.8552313059094814,0.14285714285714285,0.0,0.002797202797202797,0.0234375,0.0,0.023809523809523808,0.0,0.4710887554762291,0.44532237829327703,0.3823242712703023,0.39193022765104446
2025-07-03,0.11719889766963607,0.26062961823893,-0.20814468885195622,0.5022787034706477,0.0,0.1111111111111111,0.001048951048951049,0.0234375,0.0,0.0,0.0,0.48858023689761476,0.5328429804924849,0.4840909702054426,0.4256793191569175
2025-07-04,-0.4830967517379601,-0.11116726940576335,-0.5838571236027799,0.5022787034706477,0.0,0.0,0.0034965034965034965,0.01953125,0.007194244604316547,0.0,0.05,0.4975823462599383,0.46316203783424764,0.4079978756588147,0.37666987081799636
2025-07-07,0.2584449328243646,0.012765026475801109,0.9189926154005146,-0.8552313059094814,0.0,0.0,0.0006993006993006993,0.0390625,0.0,0.0,0.0,0.4781502515008924,0.44092396251014737,0.3795915349037324,0.3990246875952454
2025-07-08,0.2584449328243646,0.38456191412049445,-0.20814468885195622,1.859788712850777,0.0,0.0,0.00034965034965034965,0.0234375,0.007194244604316547,0.0,0.0,0.5221353237059874,0.5473026493813191,0.5004974723028934,0.45265983635383206
2025-07-09,-0.3771622253719137,0.26062961823893,0.543280180649691,-0.1764763012194168,0.5714285714285714,0.0,0.0006993006993006993,0.03515625,0.0,0.023809523809523808,0.0,0.46842771377575854,0.47215566652726876,0.4257388135957836,0.4032283778397768
2025-07-10,0.18782191524700032,0.012765026475801109,0.1675677458988674,1.1810337081607123,0.0,0.2222222222222222,0.0017482517482517483,0.00390625,0.014388489208633094,0.023809523809523808,0.05,0.5075450267726757,0.49815748690069134,0.4277387867053888,0.4171218906055846
2025-07-11,-0.024047137485092435,0.26062961823893,0.543280180649691,-0.1764763012194168,0.2857142857142857,0.0,0.002097902097902098,0.02734375,0.007194244604316547,0.023809523809523808,0.0,0.47755313970468927,0.505286462817643,0.44708978702807356,0.4418071413499637
2025-07-14,0.08188738888095394,0.6324265058836234,0.543280180649691,-0.1764763012194168,0.0,0.0,0.0034965034965034965,0.01953125,0.007194244604316547,0.0,0.0,0.49415544377738113,0.46989249956950635,0.40492228675916964,0.4335685649309544
2025-07-15,-0.30653920779454946,-0.11116726940576335,1.2947050501513382,-0.8552313059094814,0.0,0.0,0.005594405594405594,0.01171875,0.007194244604316547,0.023809523809523808,0.0,0.4496186921953594,0.5028707780866399,0.47830281273529096,0.39376831641385135
2025-07-16,0.046575880092271815,0.012765026475801109,-0.5838571236027799,1.859788712850777,0.0,0.0,0.0017482517482517483,0.015625,0.007194244604316547,0.0,0.05,0.47437287035534637,0.4643428205948194,0.4128952888028396,0.427170421775725
2025-07-17,-0.024047137485092435,0.508494210002059,-0.20814468885195622,-0.8552313059094814,0.2857142857142857,0.0,0.00034965034965034965,0.0234375,0.007194244604316547,0.0,0.0,0.5008080480285575,0.5453494378982068,0.4791767505646983,0.4408529294539657
2025-07-18,-0.3771622253719137,0.26062961823893,-0.20814468885195622,-0.8552313059094814,0.0,0.1111111111111111,0.00034965034965034965,0.01953125,0.007194244604316547,0.023809523809523808,0.0,0.5092260262858997,0.49341959607389735,0.43178579111541354,0.40516493564344835
2025-07-21,1.9887088634697887,-0.11116726940576335,0.9189926154005146,-0.8552313059094814,0.0,0.0,0.00034965034965034965,0.05078125,0.007194244604316547,0.09523809523809523,0.0,0.5231088755476229,0.5174386853951933,0.44932168979240616,0.4765151337537805
2025-07-22,0.01126437130358969,3.0,-0.20814468885195622,1.1810337081607123,0.0,0.0,0.0013986013986013986,0.01953125,0.03597122302158273,0.047619047619047616,0.2,0.5168781437611553,0.516494059186736,0.4406428148865225,0.4312850209832837
2025-07-23,-0.5537197693153243,-0.8547610446951501,3.0,-0.1764763012194168,0.0,0.0,0.002097902097902098,0.01171875,0.02158273381294964,0.0,0.05,0.4774298231380821,0.45714004575533207,0.41992712703022483,0.3836072491970084
2025-07-24,0.3996909679790931,-0.4829641570504567,-0.9595695583536035,3.0,0.0,0.0,0.0,0.02734375,0.014388489208633094,0.0,0.05,0.5190848612688626,0.5348453912572877,0.4706693019253523,0.446458631280332
2025-07-25,-0.16529317263982093,-0.4829641570504567,-0.20814468885195622,-0.8552313059094814,0.42857142857142855,0.0,0.0038461538461538464,0.015625,0.007194244604316547,0.023809523809523808,0.0,0.454908323868246,0.4642690216722837,0.41258268796385933,0.4328956931517126
2025-07-28,0.22313342403568245,-0.4829641570504567,-0.9595695583536035,-0.1764763012194168,0.0,0.1111111111111111,0.0017482517482517483,0.02734375,0.0,0.0,0.0,0.48436800259613827,0.4970013037809649,0.4525787888566204,0.4149626052094812
2025-07-29,-0.3418507165832316,-0.11116726940576335,-0.9595695583536035,-0.8552313059094814,0.0,0.1111111111111111,0.0006993006993006993,0.0234375,0.014388489208633094,0.0,0.0,0.4978809021580399,0.5067230818430052,0.48278678606001935,0.4367922537687853
2025-07-30,-0.20060468142850307,-0.11116726940576335,0.543280180649691,-0.8552313059094814,0.0,0.1111111111111111,0.0024475524475524478,0.01953125,0.007194244604316547,0.0,0.0,0.4874379360700957,0.43757841135519426,0.365850543185974,0.37968021006728714
2025-07-31,-0.4830967517379601,-0.11116726940576335,0.1675677458988674,-0.1764763012194168,0.0,0.1111111111111111,0.0024475524475524478,0.03125,0.007194244604316547,0.0,0.05,0.4003310076261561,0.39034710093232644,0.3643043454877917,0.39345884228541955
2025-08-01,-0.5537197693153243,0.012765026475801109,-0.20814468885195622,-0.8552313059094814,0.0,0.0,0.0024475524475524478,0.03125,0.007194244604316547,0.0,0.0,0.45255881875709875,0.46697498216526045,0.41198773797999355,0.4153939933885073
2025-08-04,-0.05935864627377457,-0.35903186116889224,-0.20814468885195622,-0.1764763012194168,0.0,0.0,0.0013986013986013986,0.04296875,0.014388489208633094,0.0,0.0,0.5192211585266916,0.49770977343730793,0.43712353447348606,0.44328183246196046
2025-08-05,-0.05935864627377457,-0.11116726940576335,-0.5838571236027799,0.5022787034706477,0.0,0.0,0.00034965034965034965,0.03125,0.007194244604316547,0.0,0.0,0.53874411812429,0.5043615163218618,0.43323114983327954,0.42654912901788855
2025-08-06,-0.12998166385113882,0.012765026475801109,0.543280180649691,-0.1764763012194168,0.14285714285714285,0.0,0.0017482517482517483,0.0546875,0.007194244604316547,0.023809523809523808,0.0,0.5060587376277786,0.50659516371061,0.4425419490158115,0.45785759501090195
2025-08-07,-0.024047137485092435,-0.35903186116889224,0.543280180649691,1.859788712850777,0.14285714285714285,0.0,0.002797202797202797,0.03515625,0.007194244604316547,0.0,0.0,0.48676943047217264,0.4664879092765246,0.3972652468538238,0.42068553208449583
2025-08-08,0.18782191524700032,-0.2350995652873278,-0.9595695583536035,1.1810337081607123,0.14285714285714285,0.0,0.0006993006993006993,0.03515625,0.007194244604316547,0.0,0.0,0.4685445399967548,0.46231581018917134,0.40742309347101213,0.39227018029212485
2025-08-11,0.5056254943451395,0.8802910976467523,-0.20814468885195622,-0.8552313059094814,0.0,0.0,0.0013986013986013986,0.04296875,0.007194244604316547,0.0,0.0,0.4988090215803991,0.5471747312489239,0.4862388404861783,0.44840222258692236
2025-08-12,-0.3771622253719137,0.7563588017651879,0.9189926154005146,-0.1764763012194168,0.0,0.0,0.0013986013986013986,0.0234375,0.0,0.0,0.0,0.5093298718156741,0.501453838773954,0.4619769818220932,0.4061496260520948
2025-08-13,0.7881175646545965,0.508494210002059,2.421842354403809,0.5022787034706477,0.14285714285714285,0.0,0.0,0.03125,0.007194244604316547,0.0,0.0,0.5077072854129482,0.5617869179109987,0.5417170861568248,0.4405504888284529
2025-08-14,-0.3418507165832316,0.38456191412049445,0.543280180649691,-0.1764763012194168,0.0,0.0,0.0038461538461538464,0.0078125,0.0,0.0,0.0,0.4466461139055654,0.4326584831861455,0.38404525653436594,0.3741565657749748
2025-08-15,0.7174945470772323,-0.11116726940576335,1.6704174849021616,-0.8552313059094814,0.14285714285714285,0.0,0.0006993006993006993,0.05859375,0.0,0.023809523809523808,0.0,0.5303261398669479,0.5539445524095349,0.5080704797246424,0.4919888401753687
2025-08-18,0.7881175646545965,0.8802910976467523,-0.20814468885195622,1.859788712850777,0.0,0.1111111111111111,0.00034965034965034965,0.07421875,0.03597122302158273,0.09523809523809523,0.05,0.5315138731137432,0.5601781013997196,0.5156703775411423,0.580052985721989
2025-08-19,0.5056254943451395,0.8802910976467523,2.0461299196529854,-0.1764763012194168,0.0,0.0,0.0017482517482517483,0.03125,0.02158273381294964,0.0,0.0,0.4753529125425929,0.4694251063934467,0.4144448478003657,0.4505708859869177
2025-08-20,0.929363599809325,0.6324265058836234,-0.5838571236027799,0.5022787034706477,0.14285714285714285,0.0,0.0048951048951048955,0.02734375,0.0,0.023809523809523808,0.0,0.54441668018822,0.5189687830557674,0.4278329030870173,0.44791691088551805
2025-08-21,-0.2359161902171852,-0.2350995652873278,-0.20814468885195622,-0.1764763012194168,0.14285714285714285,0.0,0.004195804195804196,0.015625,0.0,0.0,0.0,0.48506246957650495,0.4723426237976926,0.40448531784446595,0.38336107659484675
2025-08-22,0.3290679504017288,-0.2350995652873278,-0.20814468885195622,0.5022787034706477,0.14285714285714285,0.1111111111111111,0.0006993006993006993,0.05078125,0.0,0.0,0.0,0.5707155606036022,0.5768812575336401,0.5329810691620953,0.43681335427754203
2025-08-25,0.6468715294998679,0.13669732235736556,-0.5838571236027799,-0.1764763012194168,0.0,0.1111111111111111,0.0006993006993006993,0.03515625,0.007194244604316547,0.023809523809523808,0.0,0.574700632808697,0.5864308381097637,0.5209879531031515,0.4262443438914027
2025-08-26,0.47031398555645737,0.38456191412049445,-0.20814468885195622,-0.8552313059094814,0.0,0.1111111111111111,0.00034965034965034965,0.0234375,0.007194244604316547,0.0,0.0,0.4512672399805289,0.48791911638090096,0.39481485963213936,0.4030595737697231
2025-08-27,-0.30653920779454946,0.38456191412049445,-0.5838571236027799,-0.1764763012194168,0.0,0.0,0.0024475524475524478,0.01953125,0.007194244604316547,0.023809523809523808,0.0,0.362492292714587,0.4049691274507393,0.39699298160696994,0.35969568377370875
2025-08-28,0.01126437130358969,0.012765026475801109,0.1675677458988674,-0.8552313059094814,0.14285714285714285,0.0,0.001048951048951049,0.02734375,0.014388489208633094,0.023809523809523808,0.0,0.5504981340256369,0.5857863275196183,0.548533801226202,0.42680233512296906
2025-08-29,0.3290679504017288,-0.2350995652873278,-0.20814468885195622,-0.1764763012194168,0.0,0.1111111111111111,0.0038461538461538464,0.03515625,0.0,0.023809523809523808,0.0,0.5008340094110011,0.5240559887825639,0.4950420834677853,0.4506623215248634
2025-09-01,1.4237247228508747,0.13669732235736556,-0.20814468885195622,-0.1764763012194168,0.14285714285714285,0.1111111111111111,0.00034965034965034965,0.04296875,0.0,0.023809523809523808,0.05,0.5062534479961057,0.5266832304248359,0.49724709583736687,0.4123906876421354
2025-09-02,-0.27122769900586735,0.13669732235736556,-0.20814468885195622,-0.1764763012194168,0.0,0.1111111111111111,0.006993006993006993,0.00390625,0.0,0.023809523809523808,0.05,0.44750283952620473,0.36971292219133606,0.32451664515435086,0.4301174594987457
2025-09-03,-0.5890312781040065,-0.35903186116889224,-0.20814468885195622,-0.8552313059094814,0.0,0.1111111111111111,0.005944055944055944,0.015625,0.007194244604316547,0.023809523809523808,0.05,0.4016485477851695,0.44314777004255745,0.4519703936753791,0.3858767261388414
2025-09-04,-0.30653920779454946,-0.2350995652873278,-0.5838571236027799,-0.8552313059094814,0.0,0.0,0.011538461538461539,0.01171875,0.0,0.07142857142857142,0.05,0.39548920980042185,0.3358539765319427,0.2774550930407659,0.40192952430075257
2025-09-05,1.1059211437527356,-0.4829641570504567,-0.20814468885195622,-0.1764763012194168,0.0,0.0,0.001048951048951049,0.06640625,0.0,0.09523809523809523,0.05,0.5570144410189842,0.660664583897075,0.5801575104872536,0.5414109206855321
2025-09-08,0.3996909679790931,-0.11116726940576335,0.1675677458988674,-0.1764763012194168,0.0,0.0,0.001048951048951049,0.0390625,0.007194244604316547,0.0,0.0,0.5010287197793282,0.5050257066246834,0.3918636388082177,0.46253956345391883
2025-09-09,0.11719889766963607,-0.2350995652873278,-0.5838571236027799,-0.1764763012194168,0.14285714285714285,0.1111111111111111,0.0017482517482517483,0.0078125,0.0,0.0,0.0,0.4434853155930553,0.41453346781137007,0.3453903140798107,0.37151665767941294
2025-09-10,-0.05935864627377457,0.13669732235736556,-0.5838571236027799,-0.8552313059094814,0.0,0.2222222222222222,0.001048951048951049,0.01171875,0.0,0.0,0.0,0.4850429985396722,0.4937344714767165,0.46273999677315264,0.4169882540501254
2025-09-11,0.9999866173866893,0.012765026475801109,0.543280180649691,-0.8552313059094814,0.0,0.0,0.001048951048951049,0.05078125,0.0,0.0,0.0,0.5840467304883985,0.6406386066763425,0.5801575104872536,0.4580639110965231
2025-09-12,0.22313342403568245,0.508494210002059,0.543280180649691,1.1810337081607123,0.0,0.0,0.0006993006993006993,0.015625,0.0,0.023809523809523808,0.0,0.4687457407106928,0.45408477036235273,0.3835141712380338,0.37123531756265676
2025-09-15,0.4350024767677752,0.26062961823893,-0.5838571236027799,-0.8552313059094814,0.0,0.0,0.001048951048951049,0.03125,0.0,0.0,0.0,0.45971117962031477,0.506299968020467,0.4711163547380875,0.4296766933158277
2025-09-16,0.3996909679790931,-0.11116726940576335,1.2947050501513382,-0.1764763012194168,0.0,0.0,0.00034965034965034965,0.02734375,0.007194244604316547,0.0,0.0,0.4789290929742009,0.4972374603330792,0.4430629504141121,0.4356082807774365
2025-09-17,0.3290679504017288,0.13669732235736556,-0.20814468885195622,1.859788712850777,0.0,0.0,0.0,0.0234375,0.0,0.047619047619047616,0.0,0.5009638163232192,0.5322722688248752,0.4858590136603205,0.4067123062856071
2025-09-18,-0.27122769900586735,0.012765026475801109,0.543280180649691,0.5022787034706477,0.5714285714285714,0.1111111111111111,0.0,0.0234375,0.007194244604316547,0.023809523809523808,0.05,0.40181729677105305,0.4231777816043886,0.3652018124126062,0.39702951726724967
2025-09-19,-0.05935864627377457,-0.11116726940576335,-0.20814468885195622,-0.1764763012194168,0.14285714285714285,0.1111111111111111,0.0073426573426573424,0.015625,0.0,0.0,0.0,0.4570436475742333,0.4734151681385453,0.4149322362052275,0.40136684406724027
2025-09-22,0.2584449328243646,-0.11116726940576335,-0.20814468885195622,-0.1764763012194168,0.14285714285714285,0.1111111111111111,0.003146853146853147,0.03515625,0.0,0.0,0.0,0.49105954892098,0.5080121030232959,0.43855544799397655,0.4373901015168921
2025-09-23,-0.3418507165832316,0.26062961823893,0.543280180649691,-0.1764763012194168,0.0,0.2222222222222222,0.003146853146853147,0.015625,0.014388489208633094,0.0,0.0,0.46520850235275024,0.4609529900863448,0.42740601807034523,0.35918458256160174
2025-09-24,0.7174945470772323,0.012765026475801109,-0.20814468885195622,-0.1764763012194168,0.0,0.0,0.002797202797202797,0.03125,0.014388489208633094,0.023809523809523808,0.0,0.530657147493104,0.5638434478856609,0.49684037861675806,0.4684500504067709
2025-09-25,-0.30653920779454946,-0.2350995652873278,-0.5838571236027799,0.5022787034706477,0.14285714285714285,0.0,0.002097902097902098,0.01171875,0.007194244604316547,0.0,0.0,0.4760668505597923,0.5082826990725936,0.47316002473916313,0.3885377347431599
2025-09-26,-0.09467015506245668,-0.2350995652873278,-0.20814468885195622,-0.8552313059094814,0.14285714285714285,0.0,0.0073426573426573424,0.01171875,0.007194244604316547,0.023809523809523808,0.0,0.434197631023852,0.3885365673661165,0.3326946864579972,0.3782453754718308
2025-09-29,0.1525104064583182,-0.4829641570504567,-0.20814468885195622,-0.8552313059094814,0.0,0.1111111111111111,0.0006993006993006993,0.0234375,0.014388489208633094,0.0,0.0,0.5350056790524095,0.5759464711815209,0.5124334462729913,0.4368625887979743
2025-09-30,-0.09467015506245668,-0.11116726940576335,-0.5838571236027799,-0.1764763012194168,0.0,0.1111111111111111,0.0006993006993006993,0.03125,0.007194244604316547,0.0,0.0,0.5106603926659095,0.49240609087107334,0.42035065074755296,0.4042458912620449
2025-10-09,1.0706096349640535,-0.11116726940576335,-0.5838571236027799,-0.1764763012194168,0.0,0.0,0.006293706293706294,0.04296875,0.007194244604316547,0.047619047619047616,0.0,0.5622132078533182,0.5476175247841383,0.4447570452834248,0.4164443298243969
2025-10-10,0.22313342403568245,0.38456191412049445,-0.5838571236027799,-0.8552313059094814,0.0,0.0,0.002097902097902098,0.015625,0.0,0.0,0.0,0.4156871653415544,0.342545078841849,0.26710565236097666,0.3917168780625044
2025-10-13,0.046575880092271815,0.012765026475801109,0.1675677458988674,-0.1764763012194168,0.0,0.0,0.001048951048951049,0.03125,0.007194244604316547,0.023809523809523808,0.0,0.4641051435988966,0.4295589284396448,0.382946111648919,0.39043443603029093
2025-10-14,-0.41247373416059585,-0.11116726940576335,-0.20814468885195622,0.5022787034706477,0.0,0.0,0.001048951048951049,0.00390625,0.007194244604316547,0.0,0.0,0.4361317540159013,0.3501512877911983,0.28615077444336884,0.4156917450120742
2025-10-15,0.5409370031338216,-0.11116726940576335,-0.5838571236027799,-0.8552313059094814,0.0,0.0,0.0013986013986013986,0.01953125,0.0,0.0,0.0,0.5555281518740873,0.5605520159405672,0.4996638700656126,0.45885635242538625
2025-10-16,-0.41247373416059585,0.13669732235736556,0.543280180649691,-0.8552313059094814,0.0,0.0,0.0024475524475524478,0.0078125,0.0,0.0,0.0,0.48330358591594996,0.4630882389117119,0.4330530009680542,0.3903078329777507
2025-10-17,-0.41247373416059585,0.012765026475801109,-0.5838571236027799,0.5022787034706477,0.0,0.0,0.008041958041958041,0.0078125,0.0,0.0,0.0,0.3499010222294337,0.32578780349806896,0.3072395665268366,0.3328183246196047
2025-10-20,0.6821830382885501,-0.2350995652873278,-0.20814468885195622,-0.1764763012194168,0.2857142857142857,0.0,0.0006993006993006993,0.03125,0.0,0.023809523809523808,0.0,0.517436313483693,0.5234065582642494,0.48670942239432075,0.4148899256793192
2025-10-21,0.6821830382885501,0.26062961823893,-0.5838571236027799,-0.8552313059094814,0.0,0.1111111111111111,0.001048951048951049,0.03125,0.007194244604316547,0.047619047619047616,0.0,0.564724971604738,0.5766303411970186,0.5215492900935785,0.4685766534593112
2025-10-22,-0.09467015506245668,0.8802910976467523,1.2947050501513382,-0.8552313059094814,0.0,0.1111111111111111,0.0017482517482517483,0.00390625,0.0,0.0,0.0,0.47237384390718806,0.4448549851172173,0.39360479186834463,0.4410967575551544
2025-10-23,0.11719889766963607,-0.35903186116889224,-0.20814468885195622,1.1810337081607123,0.0,0.1111111111111111,0.002797202797202797,0.03125,0.0,0.0,0.0,0.4909881551192601,0.48613810238370525,0.42331867806819407,0.39574473073406324
2025-10-24,0.1525104064583182,-0.11116726940576335,-0.20814468885195622,-0.1764763012194168,0.14285714285714285,0.0,0.002797202797202797,0.0234375,0.0,0.0,0.0,0.5228038293039103,0.5748394873434849,0.5402885339356781,0.44767542728530235
2025-10-27,-0.024047137485092435,-0.11116726940576335,0.1675677458988674,-0.1764763012194168,0.14285714285714285,0.1111111111111111,0.002797202797202797,0.01171875,0.0,0.0,0.0,0.5532565309102709,0.5493444195714744,0.4868438743680757,0.4161067216842895
2025-10-28,0.11719889766963607,-0.2350995652873278,0.1675677458988674,0.5022787034706477,0.14285714285714285,0.1111111111111111,0.0013986013986013986,0.015625,0.007194244604316547,0.023809523809523808,0.0,0.46247606685055975,0.45359277754544786,0.41512383026782834,0.39270156847115095
2025-10-29,0.08188738888095394,0.26062961823893,-0.9595695583536035,-0.1764763012194168,0.14285714285714285,0.1111111111111111,0.00034965034965034965,0.015625,0.0,0.09523809523809523,0.0,0.5223819568392017,0.5709379843054293,0.5187526890394751,0.618047968489907
2025-10-30,-0.16529317263982093,0.012765026475801109,0.1675677458988674,-0.8552313059094814,0.14285714285714285,0.1111111111111111,0.0038461538461538464,0.0078125,0.0,0.0,0.0,0.4290767483368489,0.4179921773142113,0.35826409056684955,0.39038285700888564
2025-10-31,0.1525104064583182,-0.2350995652873278,-0.5838571236027799,0.5022787034706477,0.0,0.1111111111111111,0.004545454545454545,0.02734375,0.0,0.0,0.0,0.4243647574233328,0.4192615187818259,0.3424323706572013,0.46513492603099427
2025-11-03,0.5409370031338216,0.26062961823893,-0.9595695583536035,-0.8552313059094814,0.14285714285714285,0.0,0.0024475524475524478,0.015625,0.0,0.0,0.0,0.512302450105468,0.48472608299918823,0.43004463805528664,0.39783133660000464
2025-11-04,-0.12998166385113882,0.13669732235736556,0.543280180649691,-0.8552313059094814,0.0,0.1111111111111111,0.002097902097902098,0.015625,0.007194244604316547,0.0,0.0,0.4499756612039591,0.3912228481464171,0.35418683446272986,0.3632522917497011
2025-11-05,0.1525104064583182,0.38456191412049445,0.9189926154005146,0.5022787034706477,0.0,0.1111111111111111,0.0006993006993006993,0.0234375,0.007194244604316547,0.023809523809523808,0.0,0.49148791173129963,0.4932719982288259,0.4546695170485103,0.41583241507045227
2025-11-06,0.364379459190411,0.012765026475801109,-0.20814468885195622,-0.1764763012194168,0.0,0.1111111111111111,0.004195804195804196,0.015625,0.0,0.0,0.0,0.5396073340905403,0.5603699785983126,0.48218511347746584,0.4119217874475418
2025-11-07,0.046575880092271815,0.012765026475801109,-0.5838571236027799,-0.1764763012194168,0.14285714285714285,0.1111111111111111,0.0013986013986013986,0.015625,0.007194244604316547,0.0,0.0,0.4601135810481908,0.4575336400088559,0.40308365601807034,0.4252690314866481
2025-11-10,0.5762485119225037,-0.2350995652873278,0.1675677458988674,-0.1764763012194168,0.14285714285714285,0.0,0.003146853146853147,0.02734375,0.007194244604316547,0.0,0.0,0.5108031802693493,0.4838650955696048,0.3894166128858772,0.40504302159285394
2025-11-11,0.1525104064583182,0.508494210002059,-0.5838571236027799,-0.1764763012194168,0.0,0.1111111111111111,0.00034965034965034965,0.02734375,0.02877697841726619,0.023809523809523808,0.0,0.45105305857536915,0.4244323632874961,0.3731311175648058,0.39692167022249314
2025-11-12,-0.05935864627377457,0.38456191412049445,1.2947050501513382,-0.1764763012194168,0.14285714285714285,0.1111111111111111,0.0017482517482517483,0.015625,0.0,0.0,0.0,0.4723933149440207,0.45730732331307966,0.4070163762504034,0.41057369938808524
2025-11-13,0.7528060558659143,0.012765026475801109,0.9189926154005146,1.859788712850777,0.14285714285714285,0.2222222222222222,0.0,0.03515625,0.0,0.0,0.0,0.5242771377575856,0.5628791419645274,0.5060335323222546,0.48209270156847117
2025-11-14,0.18782191524700032,0.508494210002059,0.1675677458988674,0.5022787034706477,0.42857142857142855,0.2222222222222222,0.002097902097902098,0.03125,0.0,0.0,0.0,0.41380496511439235,0.38012349019704317,0.3254510863719479,0.39713033080908733
2025-11-17,0.47031398555645737,0.508494210002059,0.9189926154005146,0.5022787034706477,0.2857142857142857,0.3333333333333333,0.002097902097902098,0.0390625,0.014388489208633094,0.0,0.0,0.4466201525231218,0.4700007379892254,0.41338603850704525,0.43974866949569785
2025-11-18,-0.4830967517379601,0.012765026475801109,0.543280180649691,0.5022787034706477,0.2857142857142857,0.1111111111111111,0.011188811188811189,0.01953125,0.007194244604316547,0.0,0.0,0.4239883173779003,0.42993776290866154,0.38124529418091857,0.3521979696621574
2025-11-19,-0.12998166385113882,0.012765026475801109,0.1675677458988674,1.1810337081607123,0.0,0.2222222222222222,0.007692307692307693,0.0234375,0.0,0.0,0.0,0.48805451890313156,0.4750682640033456,0.42854885984726254,0.3880149110261881
2025-11-20,-0.3771622253719137,-0.11116726940576335,-0.20814468885195622,-0.1764763012194168,0.2857142857142857,0.1111111111111111,0.003146853146853147,0.01171875,0.0,0.0,0.0,0.4508323868245984,0.43788344690167524,0.3825024201355276,0.39576348674184697
2025-11-21,-0.730277313258735,-0.35903186116889224,0.1675677458988674,-0.8552313059094814,0.14285714285714285,0.1111111111111111,0.025874125874125874,0.01171875,0.0,0.0,0.0,0.3178711666396235,0.30741187178667195,0.28511549424545546,0.3102407802499238
2025-11-24,0.364379459190411,0.13669732235736556,-0.5838571236027799,0.5022787034706477,0.0,0.1111111111111111,0.008391608391608392,0.0234375,0.007194244604316547,0.0,0.0,0.47981177997728375,0.4936705124105189,0.43051521996342906,0.4354793332239233
2025-11-25,0.7174945470772323,-0.2350995652873278,0.543280180649691,-0.1764763012194168,0.14285714285714285,0.0,0.002097902097902098,0.03515625,0.007194244604316547,0.0,0.0,0.5328963167288657,0.5503677646306365,0.47974481015381304,0.4390289076969967
2025-11-26,0.08188738888095394,0.6324265058836234,0.1675677458988674,1.1810337081607123,0.14285714285714285,0.0,0.0017482517482517483,0.03125,0.014388489208633094,0.0,0.0,0.466844069446698,0.5254778480234189,0.49209422394320745,0.41096757555154384
2025-11-27,-0.09467015506245668,-0.2350995652873278,-0.20814468885195622,0.5022787034706477,0.0,0.0,0.002797202797202797,0.03515625,0.007194244604316547,0.0,0.0,0.495239331494402,0.46277828343706184,0.4054029525653437,0.4061308700443111
2025-11-28,0.7174945470772323,-0.2350995652873278,-0.20814468885195622,-0.1764763012194168,0.14285714285714285,0.0,0.001048951048951049,0.015625,0.0,0.0,0.0,0.4989777705662826,0.5168286143022313,0.4438057975691083,0.42989238740534075
2025-12-01,0.046575880092271815,0.508494210002059,0.543280180649691,0.5022787034706477,0.0,0.1111111111111111,0.0013986013986013986,0.02734375,0.0,0.023809523809523808,0.0,0.519045919195197,0.5368478020220905,0.46414501989889206,0.45640165990668885
2025-12-02,-0.30653920779454946,-0.35903186116889224,0.9189926154005146,1.1810337081607123,0.2857142857142857,0.1111111111111111,0.001048951048951049,0.01171875,0.007194244604316547,0.0,0.0,0.4496186921953594,0.4415340336031095,0.3969896203076261,0.4030314397580475
2025-12-03,0.01126437130358969,-0.2350995652873278,-0.20814468885195622,-0.1764763012194168,0.14285714285714285,0.2222222222222222,0.0034965034965034965,0.0,0.0,0.0,0.0,0.4438163232192114,0.4369929399030775,0.38258645261912444,0.41129815018873234
2025-12-04,-0.4830967517379601,0.012765026475801109,-0.20814468885195622,-0.1764763012194168,0.0,0.0,0.0048951048951048955,0.01953125,0.0,0.0,0.0,0.47294499432094755,0.49476273646404767,0.4541754060449607,0.41201087848451456
2025-12-05,0.5762485119225037,-0.35903186116889224,0.9189926154005146,0.5022787034706477,0.0,0.0,0.0006993006993006993,0.03515625,0.0,0.0,0.0,0.5218757098815511,0.5285380433445672,0.46601390233408624,0.45634773638431064
2025-12-08,0.22313342403568245,1.3760202811730102,-0.20814468885195622,1.1810337081607123,0.14285714285714285,0.0,0.0006993006993006993,0.01953125,0.014388489208633094,0.0,0.0,0.5120103845529774,0.5434454256967849,0.507730988490911,0.4505708859869177
2025-12-09,-0.20060468142850307,0.38456191412049445,0.1675677458988674,-0.1764763012194168,0.2857142857142857,0.1111111111111111,0.0024475524475524478,0.01953125,0.0,0.0,0.0,0.4525653091027097,0.45579690536518175,0.4405655050016134,0.3804726513961504
2025-12-10,0.046575880092271815,0.13669732235736556,0.9189926154005146,0.5022787034706477,0.0,0.1111111111111111,0.001048951048951049,0.01171875,0.0,0.0,0.0,0.461651792957975,0.4896952104499275,0.4195674680004302,0.40080416383372797
2025-12-11,-0.6243427868926886,-0.2350995652873278,-0.5838571236027799,0.5022787034706477,0.14285714285714285,0.0,0.006993006993006993,0.015625,0.0,0.047619047619047616,0.0,0.43141327275677427,0.41276721359868157,0.37271431644616543,0.5107987714814901
2025-12-12,0.7174945470772323,0.26062961823893,-0.5838571236027799,-0.8552313059094814,0.14285714285714285,0.0,0.005594405594405594,0.03125,0.007194244604316547,0.0,0.05,0.5034950511114716,0.5167351356670193,0.4527972733139723,0.4281082221649122
2025-12-15,0.1525104064583182,-0.11116726940576335,1.2947050501513382,-0.8552313059094814,0.0,0.1111111111111111,0.0034965034965034965,0.015625,0.0,0.047619047619047616,0.0,0.44088268700308286,0.4209539740719786,0.36068422609443906,0.3952758305394697
2025-12-16,-0.41247373416059585,0.13669732235736556,-0.20814468885195622,1.1810337081607123,0.0,0.0,0.005594405594405594,0.0078125,0.0,0.047619047619047616,0.0,0.4043030991400292,0.40114634326338844,0.3494541249865548,0.43337162684922514
2025-12-17,0.046575880092271815,-0.35903186116889224,-0.20814468885195622,-0.1764763012194168,0.14285714285714285,0.0,0.0073426573426573424,0.015625,0.0,0.0,0.0,0.5537887392503651,0.5932596984084033,0.5341575239324513,0.4197360091904438
2025-12-18,0.01126437130358969,0.508494210002059,0.1675677458988674,-0.1764763012194168,0.14285714285714285,0.1111111111111111,0.0013986013986013986,0.01953125,0.0,0.047619047619047616,0.0,0.4868538049651144,0.4117733881085337,0.34733314510057006,0.4088575246758728
2025-12-19,0.6115600207111859,0.13669732235736556,0.9189926154005146,-0.1764763012194168,0.0,0.1111111111111111,0.0006993006993006993,0.01171875,0.0,0.0,0.0,0.5002044458867434,0.5077218272613221,0.4366126169732172,0.443898436217851
2025-12-22,0.7881175646545965,0.508494210002059,-0.5838571236027799,1.1810337081607123,0.0,0.1111111111111111,0.002797202797202797,0.015625,0.0,0.023809523809523808,0.0,0.5215447022553951,0.5473026493813191,0.49528409702054427,0.4263521909361592
2025-12-23,-0.16529317263982093,0.13669732235736556,0.9189926154005146,-0.1764763012194168,0.2857142857142857,0.1111111111111111,0.0034965034965034965,0.01953125,0.0,0.0,0.0,0.48096706149602464,0.4885980664682297,0.433913493600086,0.4056525918458256
2025-12-24,0.6115600207111859,-0.2350995652873278,0.9189926154005146,-0.1764763012194168,0.14285714285714285,0.2222222222222222,0.0013986013986013986,0.02734375,0.0,0.023809523809523808,0.0,0.5113548596462761,0.5184374308135101,0.4459603904485318,0.42989238740534075
2025-12-25,0.5762485119225037,0.6324265058836234,-0.20814468885195622,1.859788712850777,0.0,0.3333333333333333,0.0,0.01953125,0.007194244604316547,0.0,0.05,0.5073892584780139,0.4916336621485327,0.43036060019361083,0.44089981947342505
2025-12-26,0.5762485119225037,0.012765026475801109,2.421842354403809,-0.1764763012194168,0.14285714285714285,0.3333333333333333,0.00034965034965034965,0.02734375,0.0,0.0,0.05,0.48329060522472816,0.5015768369781802,0.424898488759815,0.428924108503505
2025-12-29,0.3996909679790931,0.13669732235736556,0.1675677458988674,1.859788712850777,0.0,0.3333333333333333,0.005594405594405594,0.03125,0.0,0.0,0.0,0.47926010060035695,0.45106393446655685,0.39816271377863827,0.4102126462382482
2025-12-30,-1.295261453877649,-0.8547610446951501,-0.9595695583536035,-0.8552313059094814,0.0,0.0,0.0,0.0,0.0,0.0,0.0,0.0,0.0,0.0,0.0
